-- HKGD Database Seed Data
-- Generated: 2026-03-29T06:40:01.213Z

-- Data for levels (91 rows)
INSERT INTO levels (id, hkgd_rank, aredl_rank, name, creator, verifier, level_id, description, thumbnail, list_points, song_id, song_name, tags, date_added, pack, gddl_tier, nlw_tier, pemonlist_rank) VALUES ('hkgd-1', 2, 89, 'Viprin UFO', 'nothawkyre', 'notTheGolden', '107238250', 'Retro 1.9 styled extreme that only uses the UFO gamemode. Gameplay is much harder than it looks due to the unpredictable click-patterns and sketchy routes. Includes an upbeat Waterflame song and references to Pacman and Flappy Bird levels.', 'https://levelthumbs.prevter.me/thumbnail/107238250', 0, '682504', '-Arcade Punk- by Waterflame', '["2.2", "Long", "Timings", "Chokepoints", "Memory", "Ufo"]', '25/08/07', NULL, NULL, NULL, NULL);
INSERT INTO levels (id, hkgd_rank, aredl_rank, name, creator, verifier, level_id, description, thumbnail, list_points, song_id, song_name, tags, date_added, pack, gddl_tier, nlw_tier, pemonlist_rank) VALUES ('hkgd-2', 3, 117, 'Destruction 19', 'bosjoker', 'razsta4ax', '99495619', NULL, 'https://levelthumbs.prevter.me/thumbnail/99495619', 0, '465681', '~NK~ VS TI:. Amity by TIMarbury', '["2.2", "Long", "Fast-paced", "Timings", "Learny", "High Cps", "Flow"]', '26/02/02', NULL, NULL, NULL, NULL);
INSERT INTO levels (id, hkgd_rank, aredl_rank, name, creator, verifier, level_id, description, thumbnail, list_points, song_id, song_name, tags, date_added, pack, gddl_tier, nlw_tier, pemonlist_rank) VALUES ('hkgd-4', 5, 144, 'ConClusion', 'DreamZoneGD', 'BrowarKedawar', '96471171', 'The final and hardest level of the ConTrilogy. This level holds nothing back and utilizes memory to its fullest while including flashbacks from both ConTroller and ConFusion. The wave part is known for being very intimidating to approach and can be considered one of the most intense parts of a memory level. Now, can you escape your mind and conclude this nightmare once and for all?
', 'https://levelthumbs.prevter.me/thumbnail/96471171', 0, '219635', '-Control: Mind- by Waterflame', '["2.1", "Long", "Fast-paced", "Timings", "Memory", "Precision"]', '25/05/20', NULL, NULL, NULL, NULL);
INSERT INTO levels (id, hkgd_rank, aredl_rank, name, creator, verifier, level_id, description, thumbnail, list_points, song_id, song_name, tags, date_added, pack, gddl_tier, nlw_tier, pemonlist_rank) VALUES ('hkgd-5', 6, 151, 'Crimson Planet', 'TrueOmega', 'rWooshi', '45866767', 'Legendary former top 1 with an intense dubstep song and a loose otherworldly theme. Incredibly reminiscent of early 2.1, being started only months after 2.1''s release. Includes Terron''s iconic part repurposed from Yatagarasu and a modern endscreen. Took too long to get rated. Do not abbreviate on Discord (seriously).', 'https://levelthumbs.prevter.me/thumbnail/45866767', 0, '530913', 'Wonderpunch by Xtrullor', '["Long", "High Cps", "2.1", "Wave"]', '25/07/10', NULL, NULL, NULL, NULL);
INSERT INTO levels (id, hkgd_rank, aredl_rank, name, creator, verifier, level_id, description, thumbnail, list_points, song_id, song_name, tags, date_added, pack, gddl_tier, nlw_tier, pemonlist_rank) VALUES ('hkgd-6', 7, 157, 'Cognition', 'Endlevel', 'nSwish', '57600307', 'Iconic claustrophobic former top 3 extreme with an old fashioned song featuring Charlie Chaplin''s speech from The Great Dictator. Known for its incredibly precise gameplay, monochromatic visuals and dark atmosphere.', 'https://levelthumbs.prevter.me/thumbnail/57600307', 0, NULL, 'Violence... by ChristianMossuto', '["2.1", "Long", "Fast-paced", "Timings", "Precision", "Nong"]', '25/12/25', NULL, NULL, NULL, NULL);
INSERT INTO levels (id, hkgd_rank, aredl_rank, name, creator, verifier, level_id, description, thumbnail, list_points, song_id, song_name, tags, date_added, pack, gddl_tier, nlw_tier, pemonlist_rank) VALUES ('hkgd-7', 8, 160, 'Cosmic Cyclone', 'APTeamOfficial', 'DoSh7t', '76159410', 'APTeam''s standout project, acting as the sequel to Sonic Wave. Consists of exceedingly bright effects and flashy space-themed designs similarly to Sonic Wave Infinity. Took 4 years to be created and verified, starting in 2017. ', 'https://levelthumbs.prevter.me/thumbnail/76159410', 0, '725417', 'Hydra by F-777', '["2.1", "Long", "Circles", "Wave", "High Cps", "Chokepoints"]', '25/01/10', NULL, NULL, NULL, NULL);
INSERT INTO levels (id, hkgd_rank, aredl_rank, name, creator, verifier, level_id, description, thumbnail, list_points, song_id, song_name, tags, date_added, pack, gddl_tier, nlw_tier, pemonlist_rank) VALUES ('hkgd-8', 9, 167, 'RUST', 'neigefeu', 'Keir', '71912451', 'A solo timing-based extreme formerly in the Top 20 which became highly popular among demonlist players for its accessibility. It combines sharp movements, non-blending glow and a washed-out colour scheme to create a gritty atmosphere, hence its name. Its gameplay takes heavy inspiration from KrmaL and crohn44, and is notable for its usage of double clicks and a long stress test at the end.', 'https://levelthumbs.prevter.me/thumbnail/71912451', 0, '823812', 'Creo - Outlaw by CreoMusic', '["2.1", "Long", "Clicksync", "Timings", "Chokepoints", "Learny", "Nerve Control"]', '25/12/21', NULL, NULL, NULL, NULL);
INSERT INTO levels (id, hkgd_rank, aredl_rank, name, creator, verifier, level_id, description, thumbnail, list_points, song_id, song_name, tags, date_added, pack, gddl_tier, nlw_tier, pemonlist_rank) VALUES ('hkgd-9', 10, 173, 'Cobwebs', 'NineDice', 'Cursed', '82172844', NULL, 'https://levelthumbs.prevter.me/thumbnail/82172844', 0, NULL, 'Cerebral Cobweb (okuu remix) (edited) by OkuU-o', '["2.2", "Medium", "Nong", "Fast-paced", "Learny", "High Cps"]', '25/10/23', NULL, NULL, NULL, NULL);
INSERT INTO levels (id, hkgd_rank, aredl_rank, name, creator, verifier, level_id, description, thumbnail, list_points, song_id, song_name, tags, date_added, pack, gddl_tier, nlw_tier, pemonlist_rank) VALUES ('hkgd-10', 11, 180, 'Shardscapes', 'ItzKiba', 'kiseta', '79997992', 'Minimalist-style timing-based extreme using only the robot gamemode. Its gameplay is notable for its usage of spike corner jumps and multi-activated orbs, and its decoration combines parallax, enter/exit effects and a calm Creo song to create a dream-like atmosphere.', 'https://levelthumbs.prevter.me/thumbnail/79997992', 0, '800646', 'Creo - Slow Down by CreoMusic', '["2.1", "Long", "Timings", "Robot", "Slow-paced"]', '25/12/25', NULL, NULL, NULL, NULL);
INSERT INTO levels (id, hkgd_rank, aredl_rank, name, creator, verifier, level_id, description, thumbnail, list_points, song_id, song_name, tags, date_added, pack, gddl_tier, nlw_tier, pemonlist_rank) VALUES ('hkgd-11', 12, 205, 'Bloodlust', 'knobbelboy', 'knobbelboy', '42584142', 'Legendary former Top 1 and remake of Bloodbath, expanding on its predecessor with a minute-long extension of fast-paced gameplay as well as many changes to existing gameplay and an overhauled visual style. Had a monumental verification taking Knobbelboy over 1.5 years, 120k attempts and 1000 hours of playtime, which for its time was completely unheard of.', 'https://levelthumbs.prevter.me/thumbnail/42584142', 0, '467339', 'At the Speed of Light by Dimrain47', '["2.1", "Xl", "Ship", "Fast-paced", "Chokepoints"]', '26/01/29', NULL, NULL, NULL, NULL);
INSERT INTO levels (id, hkgd_rank, aredl_rank, name, creator, verifier, level_id, description, thumbnail, list_points, song_id, song_name, tags, date_added, pack, gddl_tier, nlw_tier, pemonlist_rank) VALUES ('hkgd-12', 13, 210, 'X84', 'Xav', 'Xav', '110791899', '', 'https://levelthumbs.prevter.me/thumbnail/110791899', 0, NULL, 'Another Xronixle for Xronial Xero by Camellia', '["2.2", "Learny", "Fast-paced", "Wave", "Duals", "High Cps"]', '26/02/06', NULL, NULL, NULL, NULL);
INSERT INTO levels (id, hkgd_rank, aredl_rank, name, creator, verifier, level_id, description, thumbnail, list_points, song_id, song_name, tags, date_added, pack, gddl_tier, nlw_tier, pemonlist_rank) VALUES ('hkgd-13', 14, 216, 'Nhelv', 'guillester', 'guillester', '68353244', NULL, 'https://levelthumbs.prevter.me/thumbnail/68353244', 0, NULL, 'ALESDA! - Lost by alexizgd', '["2.1", "Long", "Nong", "Learny", "Memory", "Gimmicky", "Nerve Control"]', '25/04/08', NULL, NULL, NULL, NULL);
INSERT INTO levels (id, hkgd_rank, aredl_rank, name, creator, verifier, level_id, description, thumbnail, list_points, song_id, song_name, tags, date_added, pack, gddl_tier, nlw_tier, pemonlist_rank) VALUES ('hkgd-14', 15, 226, 'Aronia', 'Exen', 'Kotamon', '60564010', NULL, 'https://levelthumbs.prevter.me/thumbnail/60564010', 0, '591740', 'Cosmic Dreamer by TheColdSpirit', '["2.1", "Long", "Learny", "Fast-paced", "Clicksync", "High Cps", "Duals"]', '23/05/06', NULL, NULL, NULL, NULL);
INSERT INTO levels (id, hkgd_rank, aredl_rank, name, creator, verifier, level_id, description, thumbnail, list_points, song_id, song_name, tags, date_added, pack, gddl_tier, nlw_tier, pemonlist_rank) VALUES ('hkgd-15', 16, 254, 'Arctic Lights', 'Metalface221', 'Metalface221', '52919433', 'A notoriously difficult nine circles level that was the top 1 hardest nine circles level when it was verified. This was a remake to Hyper Paracosm and is themed after the color pale blue. For a long time, this was known as the list demon many would beat first, like Cobwebs and Cognition. Best known for its awkward wave gameplay and some difficult chokepoints, especially at 36-48% and 58-69%.', 'https://levelthumbs.prevter.me/thumbnail/52919433', 0, '431573', '~NK~ Untitled beat by Rukkus', '["2.1", "Long", "Circles", "Fast-paced", "Wave"]', '26/02/18', NULL, NULL, NULL, NULL);
INSERT INTO levels (id, hkgd_rank, aredl_rank, name, creator, verifier, level_id, description, thumbnail, list_points, song_id, song_name, tags, date_added, pack, gddl_tier, nlw_tier, pemonlist_rank) VALUES ('hkgd-16', 18, 293, 'AKIRA', 'Eridani', 'Solus', '88421468', NULL, 'https://levelthumbs.prevter.me/thumbnail/88421468', 0, '862247', 'NEON THRILLS by lukhash', '["2.1", "Long", "Fast-paced"]', '24/08/20', NULL, NULL, NULL, NULL);
INSERT INTO levels (id, hkgd_rank, aredl_rank, name, creator, verifier, level_id, description, thumbnail, list_points, song_id, song_name, tags, date_added, pack, gddl_tier, nlw_tier, pemonlist_rank) VALUES ('hkgd-17', 17, 291, 'ConTroller', 'DreamZoneGD', 'DreamZoneGD', '79619086', 'DreamZone''s first solo level and the first of the ConTrilogy. This factory themed level contains heavy amounts of memory with tons of fakes similar to some levels from the 1.9 era. The factory heats up during the drop and becomes very dynamic, so try not to get too controlled with the level''s fast movements.
', 'https://levelthumbs.prevter.me/thumbnail/79619086', 0, '129910', '-Control: Damage- by Waterflame', '["2.1", "Long", "Memory"]', '23/01/07', NULL, NULL, NULL, NULL);
INSERT INTO levels (id, hkgd_rank, aredl_rank, name, creator, verifier, level_id, description, thumbnail, list_points, song_id, song_name, tags, date_added, pack, gddl_tier, nlw_tier, pemonlist_rank) VALUES ('hkgd-18', 19, 311, 'Sink', 'Awedsy', 'nac', '77255632', 'A purple and orange extreme demon combining modern creating techniques and ideas with 1.9 editor limitations in the 1.9GDPS. Its gameplay mostly revolves around clicksync with the first two sections bearing a big chunk of the level''s difficulty.', 'https://levelthumbs.prevter.me/thumbnail/77255632', 0, NULL, 'Goldenrod Game Corner Remix by EpicRPGRemixes', '["1.9ps", "Long", "Nong", "Timings", "Clicksync", "Ship", "Wave"]', '25/11/30', NULL, NULL, NULL, NULL);
INSERT INTO levels (id, hkgd_rank, aredl_rank, name, creator, verifier, level_id, description, thumbnail, list_points, song_id, song_name, tags, date_added, pack, gddl_tier, nlw_tier, pemonlist_rank) VALUES ('hkgd-19', 20, 312, 'FIFTY THREE', 'Vlacc', 'Vlacc', '90539291', 'A fast-paced, visually simple level, where the drop''s gameplay is in mirror mode and cycles through all the gamemodes in chronological order (though skipping the robot). Due to a lot of effort put into balancing, it has become very enjoyed amongst its victors. One of the two Vlacc levels starting out as "layout53", the other being Cloud Nine.', 'https://levelthumbs.prevter.me/thumbnail/90539291', 0, '681649', 'PUNYASO - Popcorn (ColBreakz Remix) by ColBreakz', '["2.1", "Long", "Timings", "Clicksync", "Mirror", "Fast-paced", "Nerve Control"]', '26/02/14', NULL, NULL, NULL, NULL);
INSERT INTO levels (id, hkgd_rank, aredl_rank, name, creator, verifier, level_id, description, thumbnail, list_points, song_id, song_name, tags, date_added, pack, gddl_tier, nlw_tier, pemonlist_rank) VALUES ('hkgd-20', 21, 315, 'Rage', 'nSwish', 'nSwish', '53878361', 'A high-CPS level with 7 sections, one for each gamemode. The colour scheme for each section is based on the gamemode’s portal.', 'https://levelthumbs.prevter.me/thumbnail/53878361', 0, NULL, 'RAGE NO. I by DesoloZ', '["2.1", "Long", "Nong", "High Cps", "Ship"]', '26/01/04', NULL, NULL, NULL, NULL);
INSERT INTO levels (id, hkgd_rank, aredl_rank, name, creator, verifier, level_id, description, thumbnail, list_points, song_id, song_name, tags, date_added, pack, gddl_tier, nlw_tier, pemonlist_rank) VALUES ('hkgd-21', 22, 317, 'Sonic Wave Rebirth', 'Serponge', 'Moosh', '68688849', '2.0 remake of Sonic Wave with near identical gameplay and effects that have aged to varying degrees. Despite being extremely similar it is notably less enjoyable on average.', 'https://levelthumbs.prevter.me/thumbnail/68688849', 0, '574484', 'F-777 - Sonic Blaster by F-777', '["Xl", "Wave", "Circles", "2.0"]', '26/01/14', NULL, NULL, NULL, NULL);
INSERT INTO levels (id, hkgd_rank, aredl_rank, name, creator, verifier, level_id, description, thumbnail, list_points, song_id, song_name, tags, date_added, pack, gddl_tier, nlw_tier, pemonlist_rank) VALUES ('hkgd-22', 23, 318, 'Sonic Wave', 'Sunix', 'Sunix', '26681070', 'One of the most famous extreme demons of all time, with a rich history and many remakes. An iconic blue circles level with three separate wave parts and a hard ball part in the predrop. Member of the first RGB trilogy.', 'https://levelthumbs.prevter.me/thumbnail/26681070', 0, '574484', 'F-777 - Sonic Blaster by F-777', '["2.0", "Xl", "Wave", "Circles", "Chokepoints", "Nerve Control"]', '25/07/01', NULL, NULL, NULL, NULL);
INSERT INTO levels (id, hkgd_rank, aredl_rank, name, creator, verifier, level_id, description, thumbnail, list_points, song_id, song_name, tags, date_added, pack, gddl_tier, nlw_tier, pemonlist_rank) VALUES ('hkgd-23', 24, 328, 'Yatagarasu', 'TrusTa', 'Kandai', '28220417', 'One of the most iconic 2.0 megacollabs, and one of the most memorable Top 1s of all time despite only dethroning Sonic Wave for a short time.  Contains 3 minutes of stressful gameplay from start to finish, including an incredibly difficult predrop, and chokepoints throughout, including Michigun''s famous "bird click". Member of the first RGB trilogy.', 'https://levelthumbs.prevter.me/thumbnail/28220417', 0, '490479', 'Flawless Wings of Yatagarasu by Gls', '["2.0", "Xl", "Timings", "Chokepoints", "Old Swing", "Nerve Control"]', '26/02/20', NULL, NULL, NULL, NULL);
INSERT INTO levels (id, hkgd_rank, aredl_rank, name, creator, verifier, level_id, description, thumbnail, list_points, song_id, song_name, tags, date_added, pack, gddl_tier, nlw_tier, pemonlist_rank) VALUES ('hkgd-24', 25, 333, 'Shmarley Ville', 'Renn241', 'Zipi', '81535535', NULL, 'https://levelthumbs.prevter.me/thumbnail/81535535', 0, '982372', 'CATCH THAT EMERALD! by SlyceCaik', '["2.1", "Long", "Learny", "High Cps", "Timings", "Fast-paced"]', '25/06/29', NULL, NULL, NULL, NULL);
INSERT INTO levels (id, hkgd_rank, aredl_rank, name, creator, verifier, level_id, description, thumbnail, list_points, song_id, song_name, tags, date_added, pack, gddl_tier, nlw_tier, pemonlist_rank) VALUES ('hkgd-25', 26, 345, 'Molten Core', 'Janucha', 'Lucidium', '68414488', NULL, 'https://levelthumbs.prevter.me/thumbnail/68414488', 0, '658430', 'NK - Fairydust (Ravitex Remix) by Ravitex', '["2.1", "Long", "Wave", "Circles", "Fast-paced", "High Cps", "Learny"]', '25/12/02', NULL, NULL, NULL, NULL);
INSERT INTO levels (id, hkgd_rank, aredl_rank, name, creator, verifier, level_id, description, thumbnail, list_points, song_id, song_name, tags, date_added, pack, gddl_tier, nlw_tier, pemonlist_rank) VALUES ('hkgd-26', 27, 384, 'Stygian Machinery', 'TeamE12', 'Laniakea', '64554339', NULL, 'https://levelthumbs.prevter.me/thumbnail/64554339', 0, '674353', 'Dystopia [3k EP] by MafiaPineapple', '["2.1", "Xl", "Learny", "Nerve Control", "Wave", "Ship"]', '25/11/23', NULL, NULL, NULL, NULL);
INSERT INTO levels (id, hkgd_rank, aredl_rank, name, creator, verifier, level_id, description, thumbnail, list_points, song_id, song_name, tags, date_added, pack, gddl_tier, nlw_tier, pemonlist_rank) VALUES ('hkgd-27', 28, 385, 'Jamboree', 'JustJohn', 'JustJohn', '74821587', NULL, 'https://levelthumbs.prevter.me/thumbnail/74821587', 0, '463628', 'Dreamed Again by J-N-R', '["2.1", "Fast-paced", "Chokepoints", "Wave"]', '25/09/07', NULL, NULL, NULL, NULL);
INSERT INTO levels (id, hkgd_rank, aredl_rank, name, creator, verifier, level_id, description, thumbnail, list_points, song_id, song_name, tags, date_added, pack, gddl_tier, nlw_tier, pemonlist_rank) VALUES ('hkgd-28', 29, 389, 'Catalyze', 'ZephiroX', 'MrSpaghetti', '50333567', NULL, 'https://levelthumbs.prevter.me/thumbnail/50333567', 0, '794165', 'Catalyze by Kolkian', '["2.1", "Long", "Fast-paced", "Timings", "Nerve Control", "Wave"]', '22/09/06', NULL, NULL, NULL, NULL);
INSERT INTO levels (id, hkgd_rank, aredl_rank, name, creator, verifier, level_id, description, thumbnail, list_points, song_id, song_name, tags, date_added, pack, gddl_tier, nlw_tier, pemonlist_rank) VALUES ('hkgd-29', 30, 429, 'Adelucid', 'Arraegen', 'Arraegen', '111368620', 'A gimmicky and fast-paced Extreme Demon utilizing Passable blocks, orb-based gameplay and uniquely ethereal decoration. Currently the hardest "full solo" level in the game, with the creator having finished the entire song, gameplay, decoration and verification by himself.', 'https://levelthumbs.prevter.me/thumbnail/111368620', 0, '1324445', 'Adelucid by TheRealMannyHeffley', '["2.2", "Long", "Learny", "Ship", "Duals"]', '25/08/02', NULL, NULL, NULL, NULL);
INSERT INTO levels (id, hkgd_rank, aredl_rank, name, creator, verifier, level_id, description, thumbnail, list_points, song_id, song_name, tags, date_added, pack, gddl_tier, nlw_tier, pemonlist_rank) VALUES ('hkgd-30', 32, 479, 'Mind Control', 'Deadlox', 'xander', '77487419', NULL, 'https://levelthumbs.prevter.me/thumbnail/77487419', 0, '219635', '-Control: Mind- by Waterflame', '["2.1", "Long", "Timings", "Learny", "Memory", "High Cps", "Ship"]', '22/06/27', NULL, NULL, NULL, NULL);
INSERT INTO levels (id, hkgd_rank, aredl_rank, name, creator, verifier, level_id, description, thumbnail, list_points, song_id, song_name, tags, date_added, pack, gddl_tier, nlw_tier, pemonlist_rank) VALUES ('hkgd-31', 31, 449, 'Artificial Ascent', 'ViPriN', 'combi', '27122654', 'An extremely popular former top 1 megacollab made in 2.0, initially hosted by LmAnubis and finished by Viprin. The level contains a variety of fast-paced gameplay parts made by 18 different creators, spanning almost 2 and a half minutes. It went on to have multiple remakes and sequels, becoming the first installment of the Technology Trilogy.', 'https://levelthumbs.prevter.me/thumbnail/27122654', 0, '63082', 'Surface by Dimrain47', '["2.0", "Xl", "Fast-paced"]', '22/09/14', NULL, NULL, NULL, NULL);
INSERT INTO levels (id, hkgd_rank, aredl_rank, name, creator, verifier, level_id, description, thumbnail, list_points, song_id, song_name, tags, date_added, pack, gddl_tier, nlw_tier, pemonlist_rank) VALUES ('hkgd-32', 33, 480, 'Quantum Processing', 'Riot', 'rampage', '38235367', 'A superbuffed remake of the main level Blast Processing, with gameplay by Riot and Hinds and a short section by Zobros.', 'https://levelthumbs.prevter.me/thumbnail/38235367', 0, '-17', 'Blast Processing by Waterflame', '["2.0", "Long", "Timings", "Chokepoints", "Slow-paced", "Ufo", "Wave"]', '26/02/25', NULL, NULL, NULL, NULL);
INSERT INTO levels (id, hkgd_rank, aredl_rank, name, creator, verifier, level_id, description, thumbnail, list_points, song_id, song_name, tags, date_added, pack, gddl_tier, nlw_tier, pemonlist_rank) VALUES ('hkgd-33', 34, 485, 'Black Blizzard', 'KrmaL', 'KrmaL', '34057654', 'Former top 10 solo level by KrmaL. Initially this level was harder and being verified in secret, but after the level was leaked through a hack, KrmaL verified and released a nerfed version. This level got Creo well known within the community. The gameplay is gimmicky and extremely predrop carried.', 'https://levelthumbs.prevter.me/thumbnail/34057654', 0, '709578', 'Dimension by hyperdemented', '["2.1", "Long", "Fast-paced", "Timings", "Duals"]', '22/03/31', NULL, NULL, NULL, NULL);
INSERT INTO levels (id, hkgd_rank, aredl_rank, name, creator, verifier, level_id, description, thumbnail, list_points, song_id, song_name, tags, date_added, pack, gddl_tier, nlw_tier, pemonlist_rank) VALUES ('hkgd-34', 35, 488, 'Ethereal Artifice', 'Zeroya', 'Mycrafted', '58252259', 'Generally well recieved 2.1 megacollab with a red and green color scheme. It''s a fast-paced XL level spanning just over two minutes in length.', 'https://levelthumbs.prevter.me/thumbnail/58252259', 0, '193466', 'Rose At Twilight by NemesisTheory', '["2.1", "Xl", "High Cps", "Fast-paced", "Nerve Control", "Wave"]', '25/12/21', NULL, NULL, NULL, NULL);
INSERT INTO levels (id, hkgd_rank, aredl_rank, name, creator, verifier, level_id, description, thumbnail, list_points, song_id, song_name, tags, date_added, pack, gddl_tier, nlw_tier, pemonlist_rank) VALUES ('hkgd-35', 36, 509, 'BuTiTi III', 'JonathanGD', 'PancakeKnight', '57433866', 'Jonathan''s almost cancelled threequel to his infamous Butiti series. The level is XXL with second half carried balancing, learny gameplay and interesting coin routes.', 'https://levelthumbs.prevter.me/thumbnail/57433866', 0, '684651', 'nano love by meganeko', '["2.1", "Chokepoints", "Timings", "Duals", "Xl"]', '25/10/15', NULL, NULL, NULL, NULL);
INSERT INTO levels (id, hkgd_rank, aredl_rank, name, creator, verifier, level_id, description, thumbnail, list_points, song_id, song_name, tags, date_added, pack, gddl_tier, nlw_tier, pemonlist_rank) VALUES ('hkgd-36', 37, 512, 'Balengu Vortex', 'Temp', 'Temp', '55385816', NULL, 'https://levelthumbs.prevter.me/thumbnail/55385816', 0, '433947', '~NK~ Fracture by Rukkus', '["2.1", "Long", "Circles", "Fast-paced", "Timings", "Chokepoints", "Cube", "Wave"]', '22/09/29', NULL, NULL, NULL, NULL);
INSERT INTO levels (id, hkgd_rank, aredl_rank, name, creator, verifier, level_id, description, thumbnail, list_points, song_id, song_name, tags, date_added, pack, gddl_tier, nlw_tier, pemonlist_rank) VALUES ('hkgd-37', 39, 552, 'Auditory Breaker', 'LazerBlitz', 'Gabs', '51791710', 'Nerfed remake of Sonic Wave made by Lazerblitz and Manix featuring early 2.1 tech style decoration.', 'https://levelthumbs.prevter.me/thumbnail/51791710', 0, '574484', 'F-777 - Sonic Blaster by F-777', '["2.1", "Xl", "Circles", "Fast-paced", "Wave"]', '25/10/13', NULL, NULL, NULL, NULL);
INSERT INTO levels (id, hkgd_rank, aredl_rank, name, creator, verifier, level_id, description, thumbnail, list_points, song_id, song_name, tags, date_added, pack, gddl_tier, nlw_tier, pemonlist_rank) VALUES ('hkgd-38', 38, 548, 'Cadrega Mode', 'TCTeam', 'Clumps', '48981134', NULL, 'https://levelthumbs.prevter.me/thumbnail/48981134', 0, '564162', 'DuoCore - Carnage by DuoCore', '["2.1", "Long", "Fast-paced", "High Cps", "Flow"]', '22/01/05', NULL, NULL, NULL, NULL);
INSERT INTO levels (id, hkgd_rank, aredl_rank, name, creator, verifier, level_id, description, thumbnail, list_points, song_id, song_name, tags, date_added, pack, gddl_tier, nlw_tier, pemonlist_rank) VALUES ('hkgd-39', 40, 562, 'Ouroboros Startpos 2', 'foody', 'foody', '94410319', NULL, 'https://levelthumbs.prevter.me/thumbnail/94410319', 0, '567778', 'Explore The Core by DJVI', '["2.1", "Long", "Learny", "High Cps", "Fast-paced", "Clicksync", "Nerve Control", "Ship", "Wave"]', '25/10/15', NULL, NULL, NULL, NULL);
INSERT INTO levels (id, hkgd_rank, aredl_rank, name, creator, verifier, level_id, description, thumbnail, list_points, song_id, song_name, tags, date_added, pack, gddl_tier, nlw_tier, pemonlist_rank) VALUES ('hkgd-40', 41, 579, 'Mujigae', 'REDACTED', 'Hotball1', '38765979', NULL, 'https://levelthumbs.prevter.me/thumbnail/38765979', 0, '495840', 'SmK - Climax by SKILLZmakeKILLZ', '["2.1", "Fast-paced", "Precision", "Wave", "Circles"]', '26/01/30', NULL, NULL, NULL, NULL);
INSERT INTO levels (id, hkgd_rank, aredl_rank, name, creator, verifier, level_id, description, thumbnail, list_points, song_id, song_name, tags, date_added, pack, gddl_tier, nlw_tier, pemonlist_rank) VALUES ('hkgd-41', 42, 629, 'hot rod', 'stcubing', 'DozenthLeaf', '95355264', 'stcubing''s first megacollab, birthed from a Cognition/Oblivion spinoff layout created out of spite for Carcano. It features bright colours and decoration with an upbeat song, and is one of the more accessible levels of this genre. ', 'https://levelthumbs.prevter.me/thumbnail/95355264', 0, NULL, 'hot rod cover by stcubing', '["2.1", "Long", "Nong", "Clicksync", "Learny"]', '24/10/06', NULL, NULL, NULL, NULL);
INSERT INTO levels (id, hkgd_rank, aredl_rank, name, creator, verifier, level_id, description, thumbnail, list_points, song_id, song_name, tags, date_added, pack, gddl_tier, nlw_tier, pemonlist_rank) VALUES ('hkgd-42', 43, 637, 'The Hell Origin', 'Stormfly', 'Stormfly', '36875204', NULL, 'https://levelthumbs.prevter.me/thumbnail/36875204', 0, '-2', 'Back on Track by DJVI', '["2.1", "Long", "Timings", "Chokepoints", "Mirror", "Cube"]', '22/08/13', NULL, NULL, NULL, NULL);
INSERT INTO levels (id, hkgd_rank, aredl_rank, name, creator, verifier, level_id, description, thumbnail, list_points, song_id, song_name, tags, date_added, pack, gddl_tier, nlw_tier, pemonlist_rank) VALUES ('hkgd-43', 44, 649, 'Blade of Justice', 'Manix648', 'RicoLP', '35448603', 'An extremely high quality 2.0 level by two of the most talented creators at the time. Features multiple iconic parts such as the black hole UFO and asymmetrical dual, and is generally harder at the start and end. Formerly an upcoming top 1 before receiving a large nerfdate making it more accessible and enjoyable.', 'https://levelthumbs.prevter.me/thumbnail/35448603', 0, '167229', 'Goukisan - Betrayal of Fear by Goukisan', '["2.0", "Xl", "Ufo", "Nerve Control", "Duals"]', '20/07/28', NULL, NULL, NULL, NULL);
INSERT INTO levels (id, hkgd_rank, aredl_rank, name, creator, verifier, level_id, description, thumbnail, list_points, song_id, song_name, tags, date_added, pack, gddl_tier, nlw_tier, pemonlist_rank) VALUES ('hkgd-44', 45, 651, 'Paranoid Android', 'Alass', '^Isabunny^', '111731617', 'A 5 and a half minute level to the tune of the Radiohead song of the same name. It takes on a very progression-based approach to represent its song - the level spends its first half building up to its climax with fast-paced gameplay and flashy visuals before ending off on a much slower 2 minute-long timing-based ending.', 'https://levelthumbs.prevter.me/thumbnail/111731617', 0, NULL, 'paranoid android (demo) cover by jambrother2', '["2.2", "Xxl+", "Nong", "Timings", "Chokepoints", "Slow-paced", "Nerve Control"]', '25/09/13', NULL, NULL, NULL, NULL);
INSERT INTO levels (id, hkgd_rank, aredl_rank, name, creator, verifier, level_id, description, thumbnail, list_points, song_id, song_name, tags, date_added, pack, gddl_tier, nlw_tier, pemonlist_rank) VALUES ('hkgd-45', 46, 671, 'Artifice', 'f3lixsram', 'f3lixsram', '57520174', NULL, 'https://levelthumbs.prevter.me/thumbnail/57520174', 0, '601633', 'Native Faith - Suwakos Theme by Xenogenocide', '["2.1", "Xl", "Clicksync", "Fast-paced"]', '26/01/08', NULL, NULL, NULL, NULL);
INSERT INTO levels (id, hkgd_rank, aredl_rank, name, creator, verifier, level_id, description, thumbnail, list_points, song_id, song_name, tags, date_added, pack, gddl_tier, nlw_tier, pemonlist_rank) VALUES ('hkgd-46', 47, 686, 'phosphorescent', 'LimeTime313', 'LimeTime313', '56846226', NULL, 'https://levelthumbs.prevter.me/thumbnail/56846226', 0, '476613', '-Toxic sewers- by Waterflame', '["2.1", "Long", "Timings", "Ship"]', '25/12/24', NULL, NULL, NULL, NULL);
INSERT INTO levels (id, hkgd_rank, aredl_rank, name, creator, verifier, level_id, description, thumbnail, list_points, song_id, song_name, tags, date_added, pack, gddl_tier, nlw_tier, pemonlist_rank) VALUES ('hkgd-47', 48, 727, 'gravity', 'Kaza', 'icedcave', '77008332', '', 'https://levelthumbs.prevter.me/thumbnail/77008332', 0, NULL, 'gravity cover by stcubing', '["2.2", "Long", "Nong", "Clicksync", "Fast-paced", "Learny", "High Cps", "Ship", "Wave"]', '26/02/15', NULL, NULL, NULL, NULL);
INSERT INTO levels (id, hkgd_rank, aredl_rank, name, creator, verifier, level_id, description, thumbnail, list_points, song_id, song_name, tags, date_added, pack, gddl_tier, nlw_tier, pemonlist_rank) VALUES ('hkgd-48', 49, 728, 'Bloodbath', 'Riot', 'Riot', '10565740', 'One of the most popular extreme demons in the game, and the second level of the Apocalyptic trilogy. This level was known for being the hardest of its time, due to the ship parts being near impossible at the time. Nowadays a pretty tough level, with Michigun''s part being arguably the most difficult.', 'https://levelthumbs.prevter.me/thumbnail/10565740', 0, '467339', 'At the Speed of Light by Dimrain47', '["1.9", "Long", "Timings", "Ship"]', '27/18/04', NULL, NULL, NULL, NULL);
INSERT INTO levels (id, hkgd_rank, aredl_rank, name, creator, verifier, level_id, description, thumbnail, list_points, song_id, song_name, tags, date_added, pack, gddl_tier, nlw_tier, pemonlist_rank) VALUES ('hkgd-49', 50, 733, 'Idols', 'Zafkiel7', 'Dorami', '48175126', 'A megacollaboration by 21 creators serving as a mini-tribute to 1.9, featuring multiple callbacks to older levels. The level is fast-paced with glow-style decoration, and is nearly 4 minutes long.', 'https://levelthumbs.prevter.me/thumbnail/48175126', 0, NULL, '"Stars" by ItzSparkler', '["2.1", "Xxl", "Nong", "Fast-paced", "Learny", "Nerve Control", "Old Swing"]', '20/11/17', NULL, NULL, NULL, NULL);
INSERT INTO levels (id, hkgd_rank, aredl_rank, name, creator, verifier, level_id, description, thumbnail, list_points, song_id, song_name, tags, date_added, pack, gddl_tier, nlw_tier, pemonlist_rank) VALUES ('hkgd-50', 51, 736, 'moment', 'Lexycat', 'Johnfree', '68848817', 'Highly popular and well received flowy extreme with a simplistic yet pleasing design. Very chokeable, particularly in the wave sections. Features an immediate ship click at the start.', 'https://levelthumbs.prevter.me/thumbnail/68848817', 0, NULL, 'Momentum by Geoplex', '["2.1", "Long", "Nong", "Fast-paced", "Chokepoints", "Flow", "Ship", "Wave"]', '24/09/16', NULL, NULL, NULL, NULL);
INSERT INTO levels (id, hkgd_rank, aredl_rank, name, creator, verifier, level_id, description, thumbnail, list_points, song_id, song_name, tags, date_added, pack, gddl_tier, nlw_tier, pemonlist_rank) VALUES ('hkgd-51', 52, 772, 'Goldcrest Palace', 'GrenadeofTacos', 'YakobNugget', '66858272', NULL, 'https://levelthumbs.prevter.me/thumbnail/66858272', 0, '643474', 'EnV - Ginseng by Envy', '["1.9ps", "Long", "Timings", "Learny", "Duals"]', '25/06/13', NULL, NULL, NULL, NULL);
INSERT INTO levels (id, hkgd_rank, aredl_rank, name, creator, verifier, level_id, description, thumbnail, list_points, song_id, song_name, tags, date_added, pack, gddl_tier, nlw_tier, pemonlist_rank) VALUES ('hkgd-52', 53, 870, 'ChopStep', 'GiaMMix', 'YakobNugget', '87333912', NULL, 'https://levelthumbs.prevter.me/thumbnail/87333912', 0, '1167173', 'Chops (GD VIP) by LZNiney', '["2.1", "Long", "Fast-paced", "Flow", "Precision"]', '25/06/19', NULL, NULL, NULL, NULL);
INSERT INTO levels (id, hkgd_rank, aredl_rank, name, creator, verifier, level_id, description, thumbnail, list_points, song_id, song_name, tags, date_added, pack, gddl_tier, nlw_tier, pemonlist_rank) VALUES ('hkgd-53', 54, 939, 'Esencia', 'Zafkiel7', 'Dorami', '54988894', NULL, 'https://levelthumbs.prevter.me/thumbnail/54988894', 0, NULL, 'Censored (2020 Remake) by BFrey', '["2.1", "Xxl", "Nong", "Fast-paced", "Learny", "High Cps", "Flow", "Nerve Control"]', '24/10/23', NULL, NULL, NULL, NULL);
INSERT INTO levels (id, hkgd_rank, aredl_rank, name, creator, verifier, level_id, description, thumbnail, list_points, song_id, song_name, tags, date_added, pack, gddl_tier, nlw_tier, pemonlist_rank) VALUES ('hkgd-54', 55, 954, 'Instant Execution', 'Plexidit', 'HequinoX', '29807508', NULL, 'https://levelthumbs.prevter.me/thumbnail/29807508', 0, '526126', 'Instant Reaction by Xtrullor', '["2.0", "Long", "Fast-paced", "Chokepoints", "Cube", "Wave"]', '26/03/03', NULL, NULL, NULL, NULL);
INSERT INTO levels (id, hkgd_rank, aredl_rank, name, creator, verifier, level_id, description, thumbnail, list_points, song_id, song_name, tags, date_added, pack, gddl_tier, nlw_tier, pemonlist_rank) VALUES ('hkgd-55', 56, 958, 'Reflective', 'Mojitoz', 'Vorgogne', '78831233', NULL, 'https://levelthumbs.prevter.me/thumbnail/78831233', 0, '968543', 'Creo - Awaken by CreoMusic', '["2.1", "Long", "Flow"]', '23/03/17', NULL, NULL, NULL, NULL);
INSERT INTO levels (id, hkgd_rank, aredl_rank, name, creator, verifier, level_id, description, thumbnail, list_points, song_id, song_name, tags, date_added, pack, gddl_tier, nlw_tier, pemonlist_rank) VALUES ('hkgd-56', 57, 984, 'Hopping Over Puddles', 'J27Blaze', 'beary', '96383314', 'Ruins themed level with calm deco and gameplay, mainly based in slow timings of cube and robot, it has surprisingly hard parts for its placement due to the duration of the level.', 'https://levelthumbs.prevter.me/thumbnail/96383314', 0, '1155920', 'NGUAC Final Round - Hopping Over Puddles by LordAndiso', '["2.1", "Medium", "Timings", "Cube"]', '25/06/25', NULL, NULL, NULL, NULL);
INSERT INTO levels (id, hkgd_rank, aredl_rank, name, creator, verifier, level_id, description, thumbnail, list_points, song_id, song_name, tags, date_added, pack, gddl_tier, nlw_tier, pemonlist_rank) VALUES ('hkgd-57', 58, 1012, 'Shukufuku', 'Joker179114', 'LordVadercraft', '93916671', NULL, 'https://levelthumbs.prevter.me/thumbnail/93916671', 0, NULL, 'YOASOBI - ?? / Shukufuku (Piano Cover) by Jackadactle1', '["2.1", "Long", "Nong", "Fast-paced", "High Cps", "Clicksync", "Flow"]', '26/02/09', NULL, NULL, NULL, NULL);
INSERT INTO levels (id, hkgd_rank, aredl_rank, name, creator, verifier, level_id, description, thumbnail, list_points, song_id, song_name, tags, date_added, pack, gddl_tier, nlw_tier, pemonlist_rank) VALUES ('hkgd-58', 59, 1071, 'wtf', 'madamEllyza', 'madamEllyza', '93570042', NULL, 'https://levelthumbs.prevter.me/thumbnail/93570042', 0, '772439', 'Get smooshed! by Cursedsnake', '["2.1", "Long", "Timings", "Learny", "Memory", "Nerve Control"]', '25/08/11', NULL, NULL, NULL, NULL);
INSERT INTO levels (id, hkgd_rank, aredl_rank, name, creator, verifier, level_id, description, thumbnail, list_points, song_id, song_name, tags, date_added, pack, gddl_tier, nlw_tier, pemonlist_rank) VALUES ('hkgd-59', 60, 1094, 'Retention', 'WOOGI1411', 'WOOGI1411', '18697406', 'One of the first dual heavy extreme demons to exist. Overall pretty fun and very learny, especially the cube at 65%.', 'https://levelthumbs.prevter.me/thumbnail/18697406', 0, '601251', 'Multex - Gravity by Multex', '["2.0", "Long", "Duals", "Learny", "Timings"]', '25/11/07', NULL, NULL, NULL, NULL);
INSERT INTO levels (id, hkgd_rank, aredl_rank, name, creator, verifier, level_id, description, thumbnail, list_points, song_id, song_name, tags, date_added, pack, gddl_tier, nlw_tier, pemonlist_rank) VALUES ('hkgd-60', 61, 1126, 'Breakout', 'Surv', 'Technical', '25241513', NULL, 'https://levelthumbs.prevter.me/thumbnail/25241513', 0, '561277', 'Lockout by Lockyn', '["2.0", "Long", "Duals"]', '22/11/27', NULL, NULL, NULL, NULL);
INSERT INTO levels (id, hkgd_rank, aredl_rank, name, creator, verifier, level_id, description, thumbnail, list_points, song_id, song_name, tags, date_added, pack, gddl_tier, nlw_tier, pemonlist_rank) VALUES ('hkgd-61', 62, 1139, 'Reanimate', 'ilnm', 'Nexus', '80335620', NULL, 'https://levelthumbs.prevter.me/thumbnail/80335620', 0, NULL, 'Warak - Reanimate (Remix) by Triexus', '["2.1", "Xl", "Clicksync", "Fast-paced", "Learny", "High Cps", "Flow", "Nerve Control", "Duals", "Nong"]', '23/08/22', NULL, NULL, NULL, NULL);
INSERT INTO levels (id, hkgd_rank, aredl_rank, name, creator, verifier, level_id, description, thumbnail, list_points, song_id, song_name, tags, date_added, pack, gddl_tier, nlw_tier, pemonlist_rank) VALUES ('hkgd-62', 63, 1237, 'Clarity', 'Hypno', 'Hypno', '112412828', 'An upbeat solo extreme taking inspiration from numerous design creators and featuring the popular pop song of the same name. Has some learny and unusual but well synced gameplay and a very complex dual at the end. ', 'https://levelthumbs.prevter.me/thumbnail/112412828', 0, NULL, 'Desx & Ranipla - diamond gaming by Desx74', '["2.2", "Long", "Nong", "Clicksync", "Fast-paced", "Learny"]', '25/02/02', NULL, NULL, NULL, NULL);
INSERT INTO levels (id, hkgd_rank, aredl_rank, name, creator, verifier, level_id, description, thumbnail, list_points, song_id, song_name, tags, date_added, pack, gddl_tier, nlw_tier, pemonlist_rank) VALUES ('hkgd-63', 64, 1287, 'Cataclysm', 'GgB0y', 'Riot', '3979721', 'One of the most well known extreme demons. The first level in the Apocalyptic trilogy. Consists of a lot of difficult ship parts and an extremely hard beginning wave.', 'https://levelthumbs.prevter.me/thumbnail/3979721', 0, '467339', 'At the Speed of Light by Dimrain47', '["2.0", "Long", "Mirror", "Ship", "Wave", "Chokepoints"]', '24/02/09', NULL, NULL, NULL, NULL);
INSERT INTO levels (id, hkgd_rank, aredl_rank, name, creator, verifier, level_id, description, thumbnail, list_points, song_id, song_name, tags, date_added, pack, gddl_tier, nlw_tier, pemonlist_rank) VALUES ('hkgd-64', 65, 1304, '9blue', 'Sardina', 'Улыбочку', '95061038', NULL, 'https://levelthumbs.prevter.me/thumbnail/95061038', 0, '938470', 'Iron Princess by XomuEDM', '["2.1", "Long", "Clicksync", "Fast-paced"]', '25/05/11', NULL, NULL, NULL, NULL);
INSERT INTO levels (id, hkgd_rank, aredl_rank, name, creator, verifier, level_id, description, thumbnail, list_points, song_id, song_name, tags, date_added, pack, gddl_tier, nlw_tier, pemonlist_rank) VALUES ('hkgd-65', 66, 1323, 'Mystic Bounds', 'gmdmann', 'gmdmann', '93549959', 'Extremely long and enjoyable level with pixel decoration and an intense song. Features mostly clicksync based gameplay, and has a hard dual in the second half.', 'https://levelthumbs.prevter.me/thumbnail/93549959', 0, NULL, 'Back 2 U ???? by SlyceCaik', '["2.1", "Xxl+", "Nong", "Clicksync", "Fast-paced", "Nerve Control", "Duals"]', '25/06/18', NULL, NULL, NULL, NULL);
INSERT INTO levels (id, hkgd_rank, aredl_rank, name, creator, verifier, level_id, description, thumbnail, list_points, song_id, song_name, tags, date_added, pack, gddl_tier, nlw_tier, pemonlist_rank) VALUES ('hkgd-66', 67, 1328, 'niwa', 'Teno', 'nicor77', '87425029', 'Very well known easy reta style extreme with the typical fast paced flow gameplay, purple glow decoration, and Yoasobi song. One of the most popular beginner extremes.', 'https://levelthumbs.prevter.me/thumbnail/87425029', 0, NULL, 'Monster - razaplays YOASOBI by razaplaysgmd', '["2.1", "Long", "Nong", "Clicksync", "Fast-paced", "Learny", "Flow"]', '25/06/13', NULL, NULL, NULL, NULL);
INSERT INTO levels (id, hkgd_rank, aredl_rank, name, creator, verifier, level_id, description, thumbnail, list_points, song_id, song_name, tags, date_added, pack, gddl_tier, nlw_tier, pemonlist_rank) VALUES ('hkgd-67', 68, 1356, 'troll level', 'Lexycat', 'Johnfree', '76196489', '
One of the more popular beginner extremes. Very light-hearted and unconventional in its structuring and colorful decoration style. The gameplay mixes memory gameplay with some precise timings. It also gives the player the freedom of having multiple paths to choose from, especially after the pre-drop.', 'https://levelthumbs.prevter.me/thumbnail/76196489', 0, NULL, 'Super Mario 3D Land Remix by Psyguy', '["2.1", "Long", "Nong", "Timings", "Memory"]', '25/08/07', NULL, NULL, NULL, NULL);
INSERT INTO levels (id, hkgd_rank, aredl_rank, name, creator, verifier, level_id, description, thumbnail, list_points, song_id, song_name, tags, date_added, pack, gddl_tier, nlw_tier, pemonlist_rank) VALUES ('hkgd-68', 69, 1366, 'Acu', 'neigefeu', 'neigefeu', '61079355', 'The most popular first extreme, for a good reason. Overall extremely well received for its accessible and fun gameplay throughout. Notably very 60hz friendly, and most of the difficulty is near the start and end.', 'https://levelthumbs.prevter.me/thumbnail/61079355', 0, '723714', 'Epilogue by hyperdemented', '["2.1", "Long", "Clicksync", "Timings", "Flow"]', '22/10/28', NULL, NULL, NULL, NULL);
INSERT INTO levels (id, hkgd_rank, aredl_rank, name, creator, verifier, level_id, description, thumbnail, list_points, song_id, song_name, tags, date_added, pack, gddl_tier, nlw_tier, pemonlist_rank) VALUES ('hkgd-2-1', 1, NULL, 'Intervallum', 'MaddyGMD', 'Unknown', '104049200', NULL, 'https://levelthumbs.prevter.me/thumbnail/104049200', 0, NULL, '-Space pirates- by Waterflame', '["Platformer"]', '24/07/21', NULL, NULL, NULL, 2);
INSERT INTO levels (id, hkgd_rank, aredl_rank, name, creator, verifier, level_id, description, thumbnail, list_points, song_id, song_name, tags, date_added, pack, gddl_tier, nlw_tier, pemonlist_rank) VALUES ('hkgd-3-1', 2, NULL, 'HYPER GRAVITRON', 'exsii', 'Unknown', '98745817', NULL, 'https://levelthumbs.prevter.me/thumbnail/98745817', 0, NULL, 'Pressure Cooker - VVVVVV [REMIX] by faxulably', '["Platformer"]', '24/08/09', NULL, NULL, NULL, 3);
INSERT INTO levels (id, hkgd_rank, aredl_rank, name, creator, verifier, level_id, description, thumbnail, list_points, song_id, song_name, tags, date_added, pack, gddl_tier, nlw_tier, pemonlist_rank) VALUES ('hkgd-4-1', 3, NULL, 'INFINITY TRIALS', 'ninzwz', 'Unknown', '97730554', NULL, 'https://levelthumbs.prevter.me/thumbnail/97730554', 0, NULL, 'Glint by Dominuus', '["Platformer"]', '24/07/04', NULL, NULL, NULL, 4);
INSERT INTO levels (id, hkgd_rank, aredl_rank, name, creator, verifier, level_id, description, thumbnail, list_points, song_id, song_name, tags, date_added, pack, gddl_tier, nlw_tier, pemonlist_rank) VALUES ('hkgd-5-1', 4, NULL, 'Hexagonestestestest', 'Enlightenment', 'Unknown', '112346959', NULL, 'https://levelthumbs.prevter.me/thumbnail/112346959', 0, NULL, 'Hexagon and On by Zanzlanz', '["Platformer"]', '24/12/20', NULL, NULL, NULL, 5);
INSERT INTO levels (id, hkgd_rank, aredl_rank, name, creator, verifier, level_id, description, thumbnail, list_points, song_id, song_name, tags, date_added, pack, gddl_tier, nlw_tier, pemonlist_rank) VALUES ('hkgd-6-1', 5, NULL, 'radio tower', 'DavidConcal', 'Unknown', '102805772', NULL, 'https://levelthumbs.prevter.me/thumbnail/102805772', 0, NULL, 'Desert Theme by wandschrank', '["Platformer"]', '26/08/03', NULL, NULL, NULL, 6);
INSERT INTO levels (id, hkgd_rank, aredl_rank, name, creator, verifier, level_id, description, thumbnail, list_points, song_id, song_name, tags, date_added, pack, gddl_tier, nlw_tier, pemonlist_rank) VALUES ('hkgd-7-1', 6, NULL, 'FURY OF 500', 'Split72', 'Unknown', '105382136', NULL, 'https://levelthumbs.prevter.me/thumbnail/105382136', 0, NULL, 'Eclipse by milkypossum', '["Platformer"]', '25/02/01', NULL, NULL, NULL, 7);
INSERT INTO levels (id, hkgd_rank, aredl_rank, name, creator, verifier, level_id, description, thumbnail, list_points, song_id, song_name, tags, date_added, pack, gddl_tier, nlw_tier, pemonlist_rank) VALUES ('hkgd-8-1', 7, NULL, 'Storm Front', 'rtnman', 'Unknown', '100486532', NULL, 'https://levelthumbs.prevter.me/thumbnail/100486532', 0, NULL, 'Nimbus by Intersonic Sound', '["Platformer"]', '24/04/07', NULL, NULL, NULL, 8);
INSERT INTO levels (id, hkgd_rank, aredl_rank, name, creator, verifier, level_id, description, thumbnail, list_points, song_id, song_name, tags, date_added, pack, gddl_tier, nlw_tier, pemonlist_rank) VALUES ('hkgd-9-1', 8, NULL, 'Throat of the World', 'thejshadow', 'Unknown', '109365157', NULL, 'https://levelthumbs.prevter.me/thumbnail/109365157', 0, NULL, 'Magic Forest by Kevin MacLeod', '["Platformer"]', '24/12/18', NULL, NULL, NULL, 9);
INSERT INTO levels (id, hkgd_rank, aredl_rank, name, creator, verifier, level_id, description, thumbnail, list_points, song_id, song_name, tags, date_added, pack, gddl_tier, nlw_tier, pemonlist_rank) VALUES ('hkgd-10-1', 9, NULL, 'Tower of Infinity', 'MadisonYuko', 'Unknown', '97713011', NULL, 'https://levelthumbs.prevter.me/thumbnail/97713011', 0, NULL, 'Infinity by Sylux03', '["Platformer"]', '25/08/27', NULL, NULL, NULL, 10);
INSERT INTO levels (id, hkgd_rank, aredl_rank, name, creator, verifier, level_id, description, thumbnail, list_points, song_id, song_name, tags, date_added, pack, gddl_tier, nlw_tier, pemonlist_rank) VALUES ('hkgd-11-1', 10, NULL, 'DETERNARY', 'TheRealXFuture', 'Unknown', '119022899', NULL, 'https://levelthumbs.prevter.me/thumbnail/119022899', 0, NULL, 'SFX Wind 01 by Custom SFX', '["Platformer"]', '25/07/09', NULL, NULL, NULL, 11);
INSERT INTO levels (id, hkgd_rank, aredl_rank, name, creator, verifier, level_id, description, thumbnail, list_points, song_id, song_name, tags, date_added, pack, gddl_tier, nlw_tier, pemonlist_rank) VALUES ('hkgd-12-1', 11, NULL, 'How to platformer', 'thearmyants', 'Unknown', '104187415', NULL, 'https://levelthumbs.prevter.me/thumbnail/104187415', 0, NULL, 'Amazing Plan by Kevin MacLeod', '["Platformer"]', '24/04/26', NULL, NULL, NULL, 12);
INSERT INTO levels (id, hkgd_rank, aredl_rank, name, creator, verifier, level_id, description, thumbnail, list_points, song_id, song_name, tags, date_added, pack, gddl_tier, nlw_tier, pemonlist_rank) VALUES ('hkgd-13-1', 12, NULL, 'Astoria', 'HumanBeing99999', 'Unknown', '126818141', NULL, 'https://levelthumbs.prevter.me/thumbnail/126818141', 0, NULL, 'Glacier by Daniel Carl', '["Platformer"]', '25/11/30', NULL, NULL, NULL, 13);
INSERT INTO levels (id, hkgd_rank, aredl_rank, name, creator, verifier, level_id, description, thumbnail, list_points, song_id, song_name, tags, date_added, pack, gddl_tier, nlw_tier, pemonlist_rank) VALUES ('hkgd-14-1', 13, NULL, 'tetris grandmaster', 'cosmokobold', 'Unknown', '100883281', NULL, 'https://levelthumbs.prevter.me/thumbnail/100883281', 0, NULL, 'Atlas by SineRider', '["Platformer"]', '25/08/15', NULL, NULL, NULL, 14);
INSERT INTO levels (id, hkgd_rank, aredl_rank, name, creator, verifier, level_id, description, thumbnail, list_points, song_id, song_name, tags, date_added, pack, gddl_tier, nlw_tier, pemonlist_rank) VALUES ('hkgd-15-1', 14, NULL, 'TACHOPHOBIA', 'qalli', 'Unknown', '110474797', NULL, 'https://levelthumbs.prevter.me/thumbnail/110474797', 0, NULL, 'Desert Winds by David Dumais', '["Platformer"]', '25/07/03', NULL, NULL, NULL, 15);
INSERT INTO levels (id, hkgd_rank, aredl_rank, name, creator, verifier, level_id, description, thumbnail, list_points, song_id, song_name, tags, date_added, pack, gddl_tier, nlw_tier, pemonlist_rank) VALUES ('hkgd-16-1', 15, NULL, 'MINE SLAYER', 'YoStarYeahya', 'Unknown', '104759938', NULL, 'https://levelthumbs.prevter.me/thumbnail/104759938', 0, NULL, '{Rose} by cornandbeans', '["Platformer"]', '24/05/09', NULL, NULL, NULL, 16);
INSERT INTO levels (id, hkgd_rank, aredl_rank, name, creator, verifier, level_id, description, thumbnail, list_points, song_id, song_name, tags, date_added, pack, gddl_tier, nlw_tier, pemonlist_rank) VALUES ('hkgd-17-1', 16, NULL, 'chromaside', 'qalli', 'Unknown', '97793375', NULL, 'https://levelthumbs.prevter.me/thumbnail/97793375', 0, NULL, 'Creo - Ahead Of The Curve by CreoMusic', '["Platformer"]', '24/01/13', NULL, NULL, NULL, 17);
INSERT INTO levels (id, hkgd_rank, aredl_rank, name, creator, verifier, level_id, description, thumbnail, list_points, song_id, song_name, tags, date_added, pack, gddl_tier, nlw_tier, pemonlist_rank) VALUES ('hkgd-18-1', 17, NULL, 'Beat Ninja', 'Rom1o', 'Unknown', '99855394', NULL, 'https://levelthumbs.prevter.me/thumbnail/99855394', 0, NULL, '-Striker- by Waterflame', '["Platformer"]', '25/02/17', NULL, NULL, NULL, 18);
INSERT INTO levels (id, hkgd_rank, aredl_rank, name, creator, verifier, level_id, description, thumbnail, list_points, song_id, song_name, tags, date_added, pack, gddl_tier, nlw_tier, pemonlist_rank) VALUES ('hkgd-19-1', 18, NULL, 'Tears of Denial', 'MattewGame', 'Unknown', '111832337', NULL, 'https://levelthumbs.prevter.me/thumbnail/111832337', 0, NULL, 'Stereo Madness by ForeverBound', '["Platformer"]', '25/02/18', NULL, NULL, NULL, 19);
INSERT INTO levels (id, hkgd_rank, aredl_rank, name, creator, verifier, level_id, description, thumbnail, list_points, song_id, song_name, tags, date_added, pack, gddl_tier, nlw_tier, pemonlist_rank) VALUES ('hkgd-20-1', 19, NULL, 'Dead God Cult', 'Soverney', 'Unknown', '113922391', NULL, 'https://levelthumbs.prevter.me/thumbnail/113922391', 0, NULL, 'Soverney - Cassette by Soverney', '["Platformer"]', '25/02/19', NULL, NULL, NULL, 20);
INSERT INTO levels (id, hkgd_rank, aredl_rank, name, creator, verifier, level_id, description, thumbnail, list_points, song_id, song_name, tags, date_added, pack, gddl_tier, nlw_tier, pemonlist_rank) VALUES ('hkgd-21-1', 20, NULL, 'Zip Lash', 'Colon', 'Unknown', '104581795', NULL, 'https://levelthumbs.prevter.me/thumbnail/104581795', 0, NULL, 'Milkshake by meganeko', '["Platformer"]', '26/02/17', NULL, NULL, NULL, 21);
INSERT INTO levels (id, hkgd_rank, aredl_rank, name, creator, verifier, level_id, description, thumbnail, list_points, song_id, song_name, tags, date_added, pack, gddl_tier, nlw_tier, pemonlist_rank) VALUES ('hkgd-23-1', 22, NULL, 'BOSS RUSH 2', 'GDTicLos', 'Unknown', '125385088', NULL, 'https://levelthumbs.prevter.me/thumbnail/125385088', 0, NULL, 'BOSS RUSH 2 - Original Soundtrack by gafufu', '["Platformer"]', '25/11/29', NULL, NULL, NULL, 23);
INSERT INTO levels (id, hkgd_rank, aredl_rank, name, creator, verifier, level_id, description, thumbnail, list_points, song_id, song_name, tags, date_added, pack, gddl_tier, nlw_tier, pemonlist_rank) VALUES ('hkgd-24-1', 23, NULL, 'In Visible', 'Bjh6078', 'Unknown', '102712977', NULL, 'https://levelthumbs.prevter.me/thumbnail/102712977', 0, NULL, 'GMBW OST - 04 - Another Me? by Miyolophone', '["Platformer"]', '25/01/18', NULL, NULL, NULL, 24);
INSERT INTO levels (id, hkgd_rank, aredl_rank, name, creator, verifier, level_id, description, thumbnail, list_points, song_id, song_name, tags, date_added, pack, gddl_tier, nlw_tier, pemonlist_rank) VALUES ('hkgd-25-1', 24, NULL, 'Forsaken City', 'LightPotatoDev', 'Unknown', '97906220', NULL, 'https://levelthumbs.prevter.me/thumbnail/97906220', 0, NULL, 'Winter Solstice by pftq', '["Platformer"]', '24/08/09', NULL, NULL, NULL, 25);
INSERT INTO levels (id, hkgd_rank, aredl_rank, name, creator, verifier, level_id, description, thumbnail, list_points, song_id, song_name, tags, date_added, pack, gddl_tier, nlw_tier, pemonlist_rank) VALUES ('54953085', 4, 142, 'Thinking Space', 'Atomic', 'Atomic', '54953085', 'Former impossible level known for its extreme difficulty spike in the final third. Incredibly unique in terms of both its gameplay and decoration, featuring absolutely absurd chokepoints and a backwards-moving wave part, a clear product of early 2.0.', 'https://levelthumbs.prevter.me/thumbnail/54953085', 0, '349494', 'Wander of Thought - F-777 by F-777', '["2.0","Long","Chokepoints","Precision","Wave","Mirror"]', '26/03/11', NULL, NULL, NULL, NULL);

-- Data for records (145 rows)
INSERT INTO records (id, level_id, player, date, video_url, fps, cbf, attempts, mode) VALUES (2271, 'hkgd-1', 'soth', '25/08/07', 'https://www.youtube.com/watch?v=ahiCUreBkyU', NULL, 0, 48462, 'classic');
INSERT INTO records (id, level_id, player, date, video_url, fps, cbf, attempts, mode) VALUES (2272, 'hkgd-2', 'WhiteEmerald', '26/02/02', 'https://www.youtube.com/watch?v=Gesgx2vH1bc', '240', 0, 36491, 'classic');
INSERT INTO records (id, level_id, player, date, video_url, fps, cbf, attempts, mode) VALUES (2273, 'hkgd-4', 'tonas2', '25/05/20', 'https://www.youtube.com/watch?v=81Q38CJ5J9E', '480', 0, 45202, 'classic');
INSERT INTO records (id, level_id, player, date, video_url, fps, cbf, attempts, mode) VALUES (2274, 'hkgd-5', 'Lousy', '25/07/10', 'https://www.youtube.com/watch?v=B4ChjHRRtJo', '240', 0, 42670, 'classic');
INSERT INTO records (id, level_id, player, date, video_url, fps, cbf, attempts, mode) VALUES (2275, 'hkgd-6', 'Transparenty', '25/12/25', 'https://www.youtube.com/watch?v=l99SRCXxI0Q', '240', 0, 27543, 'classic');
INSERT INTO records (id, level_id, player, date, video_url, fps, cbf, attempts, mode) VALUES (2276, 'hkgd-7', 'Koish', '25/01/10', 'https://www.youtube.com/watch?v=zPvtEqXWwQ4', '240', 0, 13648, 'classic');
INSERT INTO records (id, level_id, player, date, video_url, fps, cbf, attempts, mode) VALUES (2277, 'hkgd-8', 'StickyLump', '25/12/21', 'https://www.youtube.com/watch?v=w5t5mRNBi2A', NULL, 0, 36637, 'classic');
INSERT INTO records (id, level_id, player, date, video_url, fps, cbf, attempts, mode) VALUES (2279, 'hkgd-9', 'Yorklui', '25/10/23', 'https://www.youtube.com/watch?v=7jOvsoJoAMA', '180', 0, 71017, 'classic');
INSERT INTO records (id, level_id, player, date, video_url, fps, cbf, attempts, mode) VALUES (2280, 'hkgd-10', 'Hubert', '25/12/25', 'https://www.youtube.com/watch?v=sYJP8M5KMVQ', NULL, 0, NULL, 'classic');
INSERT INTO records (id, level_id, player, date, video_url, fps, cbf, attempts, mode) VALUES (2281, 'hkgd-11', 'Sees', '26/01/29', NULL, '360', 0, 16000, 'classic');
INSERT INTO records (id, level_id, player, date, video_url, fps, cbf, attempts, mode) VALUES (2282, 'hkgd-11', 'Lota', '26/02/22', 'https://www.youtube.com/watch?v=ASluH4CicVk', NULL, 0, 35073, 'classic');
INSERT INTO records (id, level_id, player, date, video_url, fps, cbf, attempts, mode) VALUES (2283, 'hkgd-12', 'NotAPerson', '26/02/06', 'https://www.youtube.com/watch?v=HHVbpFjKWp0', '240', 0, 9320, 'classic');
INSERT INTO records (id, level_id, player, date, video_url, fps, cbf, attempts, mode) VALUES (2285, 'hkgd-13', 'iTimothy_', '25/04/08', 'https://www.youtube.com/watch?v=Oy784lYHyyo', '240', 0, 23136, 'classic');
INSERT INTO records (id, level_id, player, date, video_url, fps, cbf, attempts, mode) VALUES (2286, 'hkgd-14', 'Cedric22', '23/05/06', NULL, '60', 0, 63017, 'classic');
INSERT INTO records (id, level_id, player, date, video_url, fps, cbf, attempts, mode) VALUES (2287, 'hkgd-15', 'zCoastal', '26/02/18', NULL, NULL, 0, 14903, 'classic');
INSERT INTO records (id, level_id, player, date, video_url, fps, cbf, attempts, mode) VALUES (2289, 'hkgd-16', 'hkb', '24/08/20', NULL, '144', 0, 16000, 'classic');
INSERT INTO records (id, level_id, player, date, video_url, fps, cbf, attempts, mode) VALUES (2291, 'hkgd-17', 'crawmacncheese', '23/01/07', NULL, '144', 0, 16921, 'classic');
INSERT INTO records (id, level_id, player, date, video_url, fps, cbf, attempts, mode) VALUES (2293, 'hkgd-18', 'kk_oniichan', '25/11/30', 'https://www.youtube.com/watch?v=rWpyXC3N67U', '240', 0, 29545, 'classic');
INSERT INTO records (id, level_id, player, date, video_url, fps, cbf, attempts, mode) VALUES (2295, 'hkgd-19', 'Skyehi', '26/02/14', NULL, '240', 0, 23389, 'classic');
INSERT INTO records (id, level_id, player, date, video_url, fps, cbf, attempts, mode) VALUES (2296, 'hkgd-20', 'henii :3', '26/01/04', NULL, NULL, 0, 13365, 'classic');
INSERT INTO records (id, level_id, player, date, video_url, fps, cbf, attempts, mode) VALUES (2297, 'hkgd-21', 'GDZodac', '26/01/14', 'https://www.youtube.com/watch?v=yT1GuyEsbTY', NULL, 0, 1437, 'classic');
INSERT INTO records (id, level_id, player, date, video_url, fps, cbf, attempts, mode) VALUES (2299, 'hkgd-22', 'Rinbe Ohare', '25/07/01', NULL, NULL, 0, 17736, 'classic');
INSERT INTO records (id, level_id, player, date, video_url, fps, cbf, attempts, mode) VALUES (2300, 'hkgd-22', 'Tommy1nn1t', '26/02/19', NULL, NULL, 0, 28260, 'classic');
INSERT INTO records (id, level_id, player, date, video_url, fps, cbf, attempts, mode) VALUES (2304, 'hkgd-23', 'Swift', '26/02/20', NULL, '240', 0, 24276, 'classic');
INSERT INTO records (id, level_id, player, date, video_url, fps, cbf, attempts, mode) VALUES (2306, 'hkgd-24', 'TheUnknownBacon', '25/06/29', NULL, '240', 0, 3084, 'classic');
INSERT INTO records (id, level_id, player, date, video_url, fps, cbf, attempts, mode) VALUES (2311, 'hkgd-25', 'Thebacon_gamer', '25/12/02', 'https://www.youtube.com/watch?v=NF7QXuQSmRU', NULL, 0, 7773, 'classic');
INSERT INTO records (id, level_id, player, date, video_url, fps, cbf, attempts, mode) VALUES (2313, 'hkgd-26', 'SillyNoob', '25/11/23', 'https://www.youtube.com/watch?v=IuL2PZpscLU', '240', 0, 22047, 'classic');
INSERT INTO records (id, level_id, player, date, video_url, fps, cbf, attempts, mode) VALUES (2315, 'hkgd-27', 'Adri', '25/09/07', NULL, '240', 0, 12573, 'classic');
INSERT INTO records (id, level_id, player, date, video_url, fps, cbf, attempts, mode) VALUES (2316, 'hkgd-28', 'aqv', '22/09/06', 'https://www.youtube.com/watch?v=HCjETWwM0YI', '240', 0, 1358, 'classic');
INSERT INTO records (id, level_id, player, date, video_url, fps, cbf, attempts, mode) VALUES (2317, 'hkgd-29', 'IH32', '25/08/02', NULL, '60', 0, 18992, 'classic');
INSERT INTO records (id, level_id, player, date, video_url, fps, cbf, attempts, mode) VALUES (2318, 'hkgd-30', 'sunill', '22/06/27', NULL, '165', 0, 29342, 'classic');
INSERT INTO records (id, level_id, player, date, video_url, fps, cbf, attempts, mode) VALUES (2321, 'hkgd-31', 'xBlizzqrd', '22/09/14', NULL, '360', 0, 8470, 'classic');
INSERT INTO records (id, level_id, player, date, video_url, fps, cbf, attempts, mode) VALUES (2323, 'hkgd-32', 'GDFlutter', '26/02/25', NULL, '240', 0, 19721, 'classic');
INSERT INTO records (id, level_id, player, date, video_url, fps, cbf, attempts, mode) VALUES (2324, 'hkgd-32', 'KumorY', '24/12/08', 'https://www.youtube.com/watch?v=7vcLFkQnhmM', '240', 0, NULL, 'classic');
INSERT INTO records (id, level_id, player, date, video_url, fps, cbf, attempts, mode) VALUES (2327, 'hkgd-33', 'Cypo', '22/03/31', 'https://www.youtube.com/watch?v=S_DO5hcvi_Y', '120', 0, 6749, 'classic');
INSERT INTO records (id, level_id, player, date, video_url, fps, cbf, attempts, mode) VALUES (2330, 'hkgd-33', 'jlai24', '25/03/25', NULL, NULL, 0, 15269, 'classic');
INSERT INTO records (id, level_id, player, date, video_url, fps, cbf, attempts, mode) VALUES (2332, 'hkgd-34', 'DerpyGuy', '25/12/21', NULL, '75', 0, 16852, 'classic');
INSERT INTO records (id, level_id, player, date, video_url, fps, cbf, attempts, mode) VALUES (2337, 'hkgd-35', 'Henry03', '25/10/15', 'https://www.youtube.com/watch?v=r6Iqr-kN34o', NULL, 0, 4728, 'classic');
INSERT INTO records (id, level_id, player, date, video_url, fps, cbf, attempts, mode) VALUES (2338, 'hkgd-36', 'Aliquot', '22/09/29', NULL, '180', 0, 8929, 'classic');
INSERT INTO records (id, level_id, player, date, video_url, fps, cbf, attempts, mode) VALUES (2339, 'hkgd-36', 'unaliver', '25/12/09', 'https://www.youtube.com/watch?v=Vl14W0btMWQ', '240', 0, 4544, 'classic');
INSERT INTO records (id, level_id, player, date, video_url, fps, cbf, attempts, mode) VALUES (2343, 'hkgd-37', 'MTR_Fan', '25/10/13', 'https://www.youtube.com/watch?v=u8zD2-jhJX4', '480', 0, 26798, 'classic');
INSERT INTO records (id, level_id, player, date, video_url, fps, cbf, attempts, mode) VALUES (2344, 'hkgd-37', 'stephenGD', '25/12/07', 'https://www.youtube.com/watch?v=2d2f8QReitI', NULL, 0, 51270, 'classic');
INSERT INTO records (id, level_id, player, date, video_url, fps, cbf, attempts, mode) VALUES (2348, 'hkgd-38', 'kwdash', '22/01/05', NULL, '60', 0, 13227, 'classic');
INSERT INTO records (id, level_id, player, date, video_url, fps, cbf, attempts, mode) VALUES (2351, 'hkgd-39', 'kingawesomeest', '25/10/15', NULL, '240', 0, NULL, 'classic');
INSERT INTO records (id, level_id, player, date, video_url, fps, cbf, attempts, mode) VALUES (2354, 'hkgd-40', 'Nafey', '26/01/30', 'https://www.youtube.com/watch?v=WWoJSZEsYfk', NULL, 0, NULL, 'classic');
INSERT INTO records (id, level_id, player, date, video_url, fps, cbf, attempts, mode) VALUES (2356, 'hkgd-41', 'AnnoyedSalami', '24/10/06', NULL, '120', 0, 5804, 'classic');
INSERT INTO records (id, level_id, player, date, video_url, fps, cbf, attempts, mode) VALUES (2359, 'hkgd-42', '1named', '22/08/13', 'https://www.youtube.com/watch?v=qadmRHqxwi8', '144', 0, 16016, 'classic');
INSERT INTO records (id, level_id, player, date, video_url, fps, cbf, attempts, mode) VALUES (2360, 'hkgd-43', 'Anatarius', '20/07/28', NULL, NULL, 0, 24637, 'classic');
INSERT INTO records (id, level_id, player, date, video_url, fps, cbf, attempts, mode) VALUES (2361, 'hkgd-43', 'XBolt', '25/02/15', NULL, '288', 0, 69322, 'classic');
INSERT INTO records (id, level_id, player, date, video_url, fps, cbf, attempts, mode) VALUES (2362, 'hkgd-43', 'SyrupGD', '25/09/26', NULL, NULL, 0, 4444, 'classic');
INSERT INTO records (id, level_id, player, date, video_url, fps, cbf, attempts, mode) VALUES (2365, 'hkgd-44', 'Jamixiy', '25/09/13', 'https://www.youtube.com/watch?v=1FqsXiPeRb0', '240', 0, 3686, 'classic');
INSERT INTO records (id, level_id, player, date, video_url, fps, cbf, attempts, mode) VALUES (2366, 'hkgd-45', 'Curryleaves', '26/01/08', NULL, '60', 0, 16841, 'classic');
INSERT INTO records (id, level_id, player, date, video_url, fps, cbf, attempts, mode) VALUES (2370, 'hkgd-46', 'potototato', '25/12/24', NULL, '480', 0, 17780, 'classic');
INSERT INTO records (id, level_id, player, date, video_url, fps, cbf, attempts, mode) VALUES (2373, 'hkgd-47', 'goulouloute', '26/02/15', 'https://www.youtube.com/watch?v=mXWrSGKZUGo', '240', 0, NULL, 'classic');
INSERT INTO records (id, level_id, player, date, video_url, fps, cbf, attempts, mode) VALUES (2377, 'hkgd-48', 'hibernal pebble', '18/04/27', NULL, NULL, 0, 3648, 'classic');
INSERT INTO records (id, level_id, player, date, video_url, fps, cbf, attempts, mode) VALUES (2378, 'hkgd-48', '月陽炎寺', '23/11/21', NULL, NULL, 0, 19957, 'classic');
INSERT INTO records (id, level_id, player, date, video_url, fps, cbf, attempts, mode) VALUES (2379, 'hkgd-48', 'h_yden', '25/02/24', NULL, NULL, 0, 29342, 'classic');
INSERT INTO records (id, level_id, player, date, video_url, fps, cbf, attempts, mode) VALUES (2380, 'hkgd-48', 'Shuha0730', '25/05/27', NULL, '240', 0, 29123, 'classic');
INSERT INTO records (id, level_id, player, date, video_url, fps, cbf, attempts, mode) VALUES (2381, 'hkgd-48', 'Roki Gor GD', '25/01/18', 'https://www.youtube.com/watch?v=Y2CXpTSel_I', '9999', 0, NULL, 'classic');
INSERT INTO records (id, level_id, player, date, video_url, fps, cbf, attempts, mode) VALUES (2382, 'hkgd-48', 'John010', '26/01/10', 'https://www.youtube.com/watch?v=bAdRa9u85DM', '240', 0, 5828, 'classic');
INSERT INTO records (id, level_id, player, date, video_url, fps, cbf, attempts, mode) VALUES (2383, 'hkgd-48', 'Zyphiolium', '26/01/25', 'https://www.youtube.com/watch?v=eJ-aKk9ZDgo', '240', 0, 1300, 'classic');
INSERT INTO records (id, level_id, player, date, video_url, fps, cbf, attempts, mode) VALUES (2384, 'hkgd-49', 'Zurteh', '20/11/17', NULL, '144', 0, 20523, 'classic');
INSERT INTO records (id, level_id, player, date, video_url, fps, cbf, attempts, mode) VALUES (2385, 'hkgd-49', 'violatte', '25/12/22', 'https://www.youtube.com/watch?v=xYTyHNZv24s', NULL, 0, 11442, 'classic');
INSERT INTO records (id, level_id, player, date, video_url, fps, cbf, attempts, mode) VALUES (2389, 'hkgd-50', 'qck', '24/09/16', NULL, '480', 0, 1356, 'classic');
INSERT INTO records (id, level_id, player, date, video_url, fps, cbf, attempts, mode) VALUES (2390, 'hkgd-50', 'brainlam', '25/10/19', 'https://www.youtube.com/watch?v=KqOWaXiAhOA', '360', 0, 3555, 'classic');
INSERT INTO records (id, level_id, player, date, video_url, fps, cbf, attempts, mode) VALUES (2394, 'hkgd-51', 'UltraFlareGD', '25/06/13', NULL, '165', 0, 12020, 'classic');
INSERT INTO records (id, level_id, player, date, video_url, fps, cbf, attempts, mode) VALUES (2398, 'hkgd-52', 'Archoli', '25/06/19', NULL, NULL, 0, 4945, 'classic');
INSERT INTO records (id, level_id, player, date, video_url, fps, cbf, attempts, mode) VALUES (2400, 'hkgd-53', 'issanagay', '24/10/23', NULL, '60', 0, 4731, 'classic');
INSERT INTO records (id, level_id, player, date, video_url, fps, cbf, attempts, mode) VALUES (2405, 'hkgd-54', 'PleaseMoveTT', '26/03/03', NULL, NULL, 0, 5925, 'classic');
INSERT INTO records (id, level_id, player, date, video_url, fps, cbf, attempts, mode) VALUES (2407, 'hkgd-55', 'Armadeus', '23/03/17', 'https://www.youtube.com/watch?v=QZF1AtQBYR0', '360', 0, 8216, 'classic');
INSERT INTO records (id, level_id, player, date, video_url, fps, cbf, attempts, mode) VALUES (2412, 'hkgd-56', 'leon', '25/06/25', 'https://discord.com/channels/731513793091469354/1191265060815908977/1387408100302127186', '60', 0, 11980, 'classic');
INSERT INTO records (id, level_id, player, date, video_url, fps, cbf, attempts, mode) VALUES (2415, 'hkgd-57', 'aymousgd', '26/02/09', NULL, NULL, 0, 14068, 'classic');
INSERT INTO records (id, level_id, player, date, video_url, fps, cbf, attempts, mode) VALUES (2420, 'hkgd-58', 'Pi', '25/08/11', NULL, NULL, 0, 5933, 'classic');
INSERT INTO records (id, level_id, player, date, video_url, fps, cbf, attempts, mode) VALUES (2421, 'hkgd-59', 'trehiurgdugfiuds', '25/11/07', 'https://www.youtube.com/watch?v=xuBAt-br6y4', '360', 0, 20296, 'classic');
INSERT INTO records (id, level_id, player, date, video_url, fps, cbf, attempts, mode) VALUES (2426, 'hkgd-60', 'Hinze', '22/11/27', 'https://www.youtube.com/watch?v=cnRpTlh1EFM', '165', 0, 13521, 'classic');
INSERT INTO records (id, level_id, player, date, video_url, fps, cbf, attempts, mode) VALUES (2428, 'hkgd-61', 'Yeetbloxjail', '23/08/22', NULL, '240', 0, NULL, 'classic');
INSERT INTO records (id, level_id, player, date, video_url, fps, cbf, attempts, mode) VALUES (2432, 'hkgd-62', 'DevilCharlotte', '25/02/02', NULL, '240', 0, 7063, 'classic');
INSERT INTO records (id, level_id, player, date, video_url, fps, cbf, attempts, mode) VALUES (2437, 'hkgd-63', '3^3=7', '24/02/09', 'https://www.youtube.com/watch?v=JBclmi4mOsA', '240', 0, 22489, 'classic');
INSERT INTO records (id, level_id, player, date, video_url, fps, cbf, attempts, mode) VALUES (2438, 'hkgd-63', 'Louis', '24/05/18', NULL, '240', 0, 10138, 'classic');
INSERT INTO records (id, level_id, player, date, video_url, fps, cbf, attempts, mode) VALUES (2439, 'hkgd-63', 'EnergyliteGD', '26/02/07', NULL, NULL, 0, 21000, 'classic');
INSERT INTO records (id, level_id, player, date, video_url, fps, cbf, attempts, mode) VALUES (2442, 'hkgd-64', 'KarSonic', '25/05/11', NULL, '60', 0, 16713, 'classic');
INSERT INTO records (id, level_id, player, date, video_url, fps, cbf, attempts, mode) VALUES (2447, 'hkgd-65', 'MinigunGD', '25/06/18', NULL, '240', 0, 1440, 'classic');
INSERT INTO records (id, level_id, player, date, video_url, fps, cbf, attempts, mode) VALUES (2450, 'hkgd-66', 'Xronier', '25/06/13', NULL, '240', 0, NULL, 'classic');
INSERT INTO records (id, level_id, player, date, video_url, fps, cbf, attempts, mode) VALUES (2455, 'hkgd-67', 'BaconsAreCoolGD', '25/08/07', NULL, NULL, 0, 5572, 'classic');
INSERT INTO records (id, level_id, player, date, video_url, fps, cbf, attempts, mode) VALUES (2460, 'hkgd-68', 'TDagger', '22/10/28', 'https://www.youtube.com/watch?v=1VYo5Ur52Yw', '60', 0, 11880, 'classic');
INSERT INTO records (id, level_id, player, date, video_url, fps, cbf, attempts, mode) VALUES (2461, 'hkgd-68', 'B_loxes', '23/04/15', NULL, NULL, 0, 1265, 'classic');
INSERT INTO records (id, level_id, player, date, video_url, fps, cbf, attempts, mode) VALUES (2462, 'hkgd-68', 'Biscuitnerd', '24/12/31', NULL, '90', 0, 8643, 'classic');
INSERT INTO records (id, level_id, player, date, video_url, fps, cbf, attempts, mode) VALUES (2463, 'hkgd-68', 'ZenithVoidGD', '25/07/17', NULL, '60', 0, 12794, 'classic');
INSERT INTO records (id, level_id, player, date, video_url, fps, cbf, attempts, mode) VALUES (2464, 'hkgd-68', 'hp20160875556家的貓', '25/09/28', 'https://www.youtube.com/watch?v=T1-RifHJN-0', '240', 0, NULL, 'classic');
INSERT INTO records (id, level_id, player, date, video_url, fps, cbf, attempts, mode) VALUES (2465, 'hkgd-68', 'DestructionETOH', '26/02/12', 'https://www.youtube.com/watch?v=xn6U5toiOq0', NULL, 0, NULL, 'classic');
INSERT INTO records (id, level_id, player, date, video_url, fps, cbf, attempts, mode) VALUES (2466, 'hkgd-68', 'friendtm', '26/02/21', 'https://www.youtube.com/watch?v=TmfzsBSXWS4', '60', 0, NULL, 'classic');
INSERT INTO records (id, level_id, player, date, video_url, fps, cbf, attempts, mode) VALUES (2467, 'hkgd-68', 'acctdevil', '26/02/26', NULL, NULL, 0, NULL, 'classic');
INSERT INTO records (id, level_id, player, date, video_url, fps, cbf, attempts, mode) VALUES (2468, 'hkgd-2-1', '3^3=7', '24/07/21', NULL, NULL, 0, 56, 'classic');
INSERT INTO records (id, level_id, player, date, video_url, fps, cbf, attempts, mode) VALUES (2469, 'hkgd-3-1', 'soth', '24/08/09', NULL, '120', 0, 2, 'classic');
INSERT INTO records (id, level_id, player, date, video_url, fps, cbf, attempts, mode) VALUES (2470, 'hkgd-4-1', 'kwdash', '24/07/04', 'https://www.youtube.com/watch?v=8exE8bTes6U', NULL, 0, 43, 'classic');
INSERT INTO records (id, level_id, player, date, video_url, fps, cbf, attempts, mode) VALUES (2472, 'hkgd-5-1', 'WhiteEmerald', '24/12/20', NULL, '60', 0, 2, 'classic');
INSERT INTO records (id, level_id, player, date, video_url, fps, cbf, attempts, mode) VALUES (2473, 'hkgd-5-1', 'DevilCharlotte', '24/12/26', NULL, NULL, 0, 34, 'classic');
INSERT INTO records (id, level_id, player, date, video_url, fps, cbf, attempts, mode) VALUES (2474, 'hkgd-5-1', 'friendtm', '26/03/04', 'https://www.youtube.com/watch?v=aubSQs8-DlQ', '60', 0, 1, 'classic');
INSERT INTO records (id, level_id, player, date, video_url, fps, cbf, attempts, mode) VALUES (2476, 'hkgd-6-1', 'Transparenty', '24/09/02', NULL, '240', 0, 7, 'classic');
INSERT INTO records (id, level_id, player, date, video_url, fps, cbf, attempts, mode) VALUES (2477, 'hkgd-6-1', 'Yorklui', '24/09/10', NULL, '180', 0, 1, 'classic');
INSERT INTO records (id, level_id, player, date, video_url, fps, cbf, attempts, mode) VALUES (2478, 'hkgd-7-1', 'issanagay', '25/02/01', 'https://www.youtube.com/watch?v=Dl3n_yvDd0U', '60', 0, 7, 'classic');
INSERT INTO records (id, level_id, player, date, video_url, fps, cbf, attempts, mode) VALUES (2479, 'hkgd-7-1', 'Jamixiy', '25/09/30', NULL, '240', 0, 4, 'classic');
INSERT INTO records (id, level_id, player, date, video_url, fps, cbf, attempts, mode) VALUES (2480, 'hkgd-7-1', 'Cheung', '26/01/07', NULL, '60', 0, 4, 'classic');
INSERT INTO records (id, level_id, player, date, video_url, fps, cbf, attempts, mode) VALUES (2483, 'hkgd-8-1', 'Skyehi', '24/04/07', 'https://www.youtube.com/watch?v=AdSh_v39RV4', '240', 0, 38, 'classic');
INSERT INTO records (id, level_id, player, date, video_url, fps, cbf, attempts, mode) VALUES (2484, 'hkgd-8-1', 'Henry03', '24/12/20', NULL, '60', 0, 1, 'classic');
INSERT INTO records (id, level_id, player, date, video_url, fps, cbf, attempts, mode) VALUES (2485, 'hkgd-8-1', 'tonas2', '25/06/26', NULL, '480', 0, 1, 'classic');
INSERT INTO records (id, level_id, player, date, video_url, fps, cbf, attempts, mode) VALUES (2488, 'hkgd-9-1', 'henii :3', '25/07/28', NULL, NULL, 0, 3, 'classic');
INSERT INTO records (id, level_id, player, date, video_url, fps, cbf, attempts, mode) VALUES (2489, 'hkgd-10-1', 'SyrupGD', '25/08/27', 'https://www.youtube.com/watch?v=P-YXUBX8GZo', NULL, 0, 1, 'classic');
INSERT INTO records (id, level_id, player, date, video_url, fps, cbf, attempts, mode) VALUES (2490, 'hkgd-10-1', 'GDFlutter', '26/01/01', NULL, '240', 0, 4, 'classic');
INSERT INTO records (id, level_id, player, date, video_url, fps, cbf, attempts, mode) VALUES (2494, 'hkgd-11-1', 'unaliver', '25/07/09', NULL, '240', 0, 1, 'classic');
INSERT INTO records (id, level_id, player, date, video_url, fps, cbf, attempts, mode) VALUES (2497, 'hkgd-12-1', 'CloverDrop', '24/04/26', NULL, '60', 0, 12, 'classic');
INSERT INTO records (id, level_id, player, date, video_url, fps, cbf, attempts, mode) VALUES (2498, 'hkgd-12-1', '1named', '24/05/01', NULL, '60', 0, 3, 'classic');
INSERT INTO records (id, level_id, player, date, video_url, fps, cbf, attempts, mode) VALUES (2499, 'hkgd-12-1', 'DerpyGuy', '24/07/02', NULL, '60', 0, 4, 'classic');
INSERT INTO records (id, level_id, player, date, video_url, fps, cbf, attempts, mode) VALUES (2500, 'hkgd-12-1', 'Flamish', '25/06/19', NULL, '83', 0, 15, 'classic');
INSERT INTO records (id, level_id, player, date, video_url, fps, cbf, attempts, mode) VALUES (2501, 'hkgd-12-1', 'iTimothy_', '25/07/07', NULL, '240', 0, 5, 'classic');
INSERT INTO records (id, level_id, player, date, video_url, fps, cbf, attempts, mode) VALUES (2502, 'hkgd-12-1', 'Koish', '25/07/22', NULL, '240', 0, 4, 'classic');
INSERT INTO records (id, level_id, player, date, video_url, fps, cbf, attempts, mode) VALUES (2503, 'hkgd-12-1', 'leon', '26/02/25', NULL, '60', 0, 5, 'classic');
INSERT INTO records (id, level_id, player, date, video_url, fps, cbf, attempts, mode) VALUES (2504, 'hkgd-13-1', 'StephenGD', '25/11/30', 'https://www.youtube.com/watch?v=nnKPrNkE64E', NULL, 0, 5, 'classic');
INSERT INTO records (id, level_id, player, date, video_url, fps, cbf, attempts, mode) VALUES (2505, 'hkgd-13-1', 'Ketchup_HK_', '25/12/11', NULL, '60', 0, 1, 'classic');
INSERT INTO records (id, level_id, player, date, video_url, fps, cbf, attempts, mode) VALUES (2506, 'hkgd-14-1', '7KG (7th in line)', '25/08/15', NULL, NULL, 0, 4, 'classic');
INSERT INTO records (id, level_id, player, date, video_url, fps, cbf, attempts, mode) VALUES (2507, 'hkgd-15-1', 'NotAPerson', '25/07/03', NULL, '240', 0, 6, 'classic');
INSERT INTO records (id, level_id, player, date, video_url, fps, cbf, attempts, mode) VALUES (2508, 'hkgd-16-1', 'Jucarat', '24/05/09', NULL, NULL, 0, 1, 'classic');
INSERT INTO records (id, level_id, player, date, video_url, fps, cbf, attempts, mode) VALUES (2509, 'hkgd-17-1', 'Swift', '24/01/13', NULL, '240', 0, 44, 'classic');
INSERT INTO records (id, level_id, player, date, video_url, fps, cbf, attempts, mode) VALUES (2510, 'hkgd-17-1', 'Fubuki-Hime', '24/12/27', NULL, '60', 0, 1, 'classic');
INSERT INTO records (id, level_id, player, date, video_url, fps, cbf, attempts, mode) VALUES (2511, 'hkgd-18-1', 'Xbolt', '25/02/17', NULL, NULL, 0, 16, 'classic');
INSERT INTO records (id, level_id, player, date, video_url, fps, cbf, attempts, mode) VALUES (2512, 'hkgd-19-1', 'hp20160875556', '25/02/18', NULL, NULL, 0, 45, 'classic');
INSERT INTO records (id, level_id, player, date, video_url, fps, cbf, attempts, mode) VALUES (2513, 'hkgd-20-1', 'Sakura Mariko', '25/02/19', NULL, NULL, 0, 39, 'classic');
INSERT INTO records (id, level_id, player, date, video_url, fps, cbf, attempts, mode) VALUES (2514, 'hkgd-21-1', 'HaydenLeung1112', '26/02/17', NULL, NULL, 0, 19, 'classic');
INSERT INTO records (id, level_id, player, date, video_url, fps, cbf, attempts, mode) VALUES (2515, 'hkgd-21-1', 'ItzWeegee ._.', '26/02/17', NULL, NULL, 0, 5, 'classic');
INSERT INTO records (id, level_id, player, date, video_url, fps, cbf, attempts, mode) VALUES (2516, 'hkgd-23-1', 'Lh201202729', '25/11/29', NULL, '240', 0, 1, 'classic');
INSERT INTO records (id, level_id, player, date, video_url, fps, cbf, attempts, mode) VALUES (2517, 'hkgd-24-1', 'KarSonic', '25/01/18', NULL, '60', 0, 30, 'classic');
INSERT INTO records (id, level_id, player, date, video_url, fps, cbf, attempts, mode) VALUES (2518, 'hkgd-25-1', 'cash', '24/08/09', NULL, NULL, 0, NULL, 'classic');
INSERT INTO records (id, level_id, player, date, video_url, fps, cbf, attempts, mode) VALUES (2519, 'hkgd-25-1', 'Ayden', '24/08/27', NULL, NULL, 0, NULL, 'classic');
INSERT INTO records (id, level_id, player, date, video_url, fps, cbf, attempts, mode) VALUES (2522, 'hkgd-25-1', 'TheUnknownBacon', '23/03/18', NULL, '288', 0, 1932, 'classic');
INSERT INTO records (id, level_id, player, date, video_url, fps, cbf, attempts, mode) VALUES (2523, 'hkgd-25-1', 'aqv', '22/07/21', 'https://www.youtube.com/watch?v=RfdWl03spNQ', '240', 0, 1408, 'classic');
INSERT INTO records (id, level_id, player, date, video_url, fps, cbf, attempts, mode) VALUES (2525, 'hkgd-25-1', 'Adri', '24/10/12', NULL, '240', 0, 4187, 'classic');
INSERT INTO records (id, level_id, player, date, video_url, fps, cbf, attempts, mode) VALUES (2528, 'hkgd-25-1', 'hkb', '23/04/08', NULL, '288', 0, 10068, 'classic');
INSERT INTO records (id, level_id, player, date, video_url, fps, cbf, attempts, mode) VALUES (2529, 'hkgd-25-1', 'qck', '23/08/20', NULL, '240', 0, 992, 'classic');
INSERT INTO records (id, level_id, player, date, video_url, fps, cbf, attempts, mode) VALUES (2530, 'hkgd-25-1', 'AnnoyedSalami', '24/01/22', NULL, '120', 0, 8488, 'classic');
INSERT INTO records (id, level_id, player, date, video_url, fps, cbf, attempts, mode) VALUES (2531, 'hkgd-25-1', 'Cedric22', '24/01/25', NULL, '60', 0, 4272, 'classic');
INSERT INTO records (id, level_id, player, date, video_url, fps, cbf, attempts, mode) VALUES (2532, 'hkgd-25-1', 'jlai24', '24/07/26', NULL, '360', 0, 8243, 'classic');
INSERT INTO records (id, level_id, player, date, video_url, fps, cbf, attempts, mode) VALUES (2546, 'hkgd-25-1', 'SillyNoob', '22/04/14', 'https://www.youtube.com/watch?v=IvGuZRbylbY', '240', 0, 5624, 'classic');
INSERT INTO records (id, level_id, player, date, video_url, fps, cbf, attempts, mode) VALUES (2547, 'hkgd-25-1', 'UltraFlareGD', '25/05/12', NULL, '165', 0, 7961, 'classic');
INSERT INTO records (id, level_id, player, date, video_url, fps, cbf, attempts, mode) VALUES (2549, 'hkgd-25-1', 'Zurteh', '21/11/16', NULL, '340', 0, 706, 'classic');
INSERT INTO records (id, level_id, player, date, video_url, fps, cbf, attempts, mode) VALUES (2568, '54953085', 'lota', '2026-03-10', 'https://youtu.be/xWE1BuSTomk', '240', 1, NULL, 'classic');

-- Data for changelog (2 rows)
INSERT INTO changelog (id, date, level_name, level_id, change_type, old_rank, new_rank, description, list_type) VALUES ('1773235447757', '26/03/11', 'System', 'system', 'added', NULL, NULL, 'I am kinda tired 
TYSM FOR THE VID YL', 'classic');
INSERT INTO changelog (id, date, level_name, level_id, change_type, old_rank, new_rank, description, list_type) VALUES ('test-1773235520', '26/03/11', 'Test Level', '123456', 'added', NULL, 1, 'Test changelog entry', 'classic');

-- No data in members

-- Data for pending_submissions (10 rows)
INSERT INTO pending_submissions (id, level_id, level_name, is_new_level, record_data, level_data, submitted_at, submitted_by, status) VALUES ('pending-1770198789767-06dm2t4ym', '119544028', 'Thinking Space II', 1, '{"player":"w","date":"2026-02-04","cbf":false,"videoUrl":"www"}', '{"levelId":"119544028","name":"Thinking Space II","hkgdRank":1,"aredlRank":1,"creator":"Unknown","verifier":"Unknown","thumbnail":"https://levelthumbs.prevter.me/thumbnail/119544028"}', '26/02/04', 'w', 'rejected');
INSERT INTO pending_submissions (id, level_id, level_name, is_new_level, record_data, level_data, submitted_at, submitted_by, status) VALUES ('pending-1770200753169-9njhsxokw', '119544028', 'Thinking Space II', 0, '{"player":"w","date":"2026-02-04","cbf":false,"videoUrl":"aaa"}', '{"levelId":"119544028","name":"Thinking Space II","hkgdRank":1,"aredlRank":1,"creator":"CairoX","verifier":"[67] Zoink","thumbnail":"https://levelthumbs.prevter.me/thumbnail/119544028"}', '26/02/04', 'w', 'approved');
INSERT INTO pending_submissions (id, level_id, level_name, is_new_level, record_data, level_data, submitted_at, submitted_by, status) VALUES ('pending-1770201066655-rifddsohj', '119544028', 'Thinking Space II', 0, '{"player":"aaaaaaaaaaaa","date":"2026-02-04","cbf":true,"videoUrl":"aaaaa"}', '{"levelId":"119544028","name":"Thinking Space II","hkgdRank":1,"aredlRank":1,"creator":"CairoX","verifier":"[67] Zoink","thumbnail":"https://levelthumbs.prevter.me/thumbnail/119544028"}', '26/02/04', 'aaaaaaaaaaaa', 'approved');
INSERT INTO pending_submissions (id, level_id, level_name, is_new_level, record_data, level_data, submitted_at, submitted_by, status) VALUES ('pending-1770201249691-oomhtxvlx', '126242564', 'Flamewall', 0, '{"player":"aaaaaaaaaaaaa","date":"2026-02-04","cbf":false,"videoUrl":"aaaaaaaaaaaa"}', '{"levelId":"126242564","name":"Flamewall","hkgdRank":2,"aredlRank":2,"creator":"Narwall","verifier":"[400] CuatrocientosYT","thumbnail":"https://levelthumbs.prevter.me/thumbnail/126242564"}', '26/02/04', 'aaaaaaaaaaaaa', 'approved');
INSERT INTO pending_submissions (id, level_id, level_name, is_new_level, record_data, level_data, submitted_at, submitted_by, status) VALUES ('pending-1770204347930-bitengwoj', '105290756', 'Quadratic Function', 1, '{"player":"lh2021234987239841894317498198!!!","date":"2026-02-04","cbf":false,"videoUrl":"https://www.youtube.com/watch?v=dQw4w9WgXcQ"}', '{"levelId":"105290756","name":"Quadratic Function","hkgdRank":1014,"aredlRank":1014,"creator":"Unknown","verifier":"Unknown","songName":"undefined by undefined","thumbnail":"https://levelthumbs.prevter.me/thumbnail/105290756","tags":["2.2","Long","Learny","High CPS"]}', '26/02/04', 'lh2021234987239841894317498198!!!', 'rejected');
INSERT INTO pending_submissions (id, level_id, level_name, is_new_level, record_data, level_data, submitted_at, submitted_by, status) VALUES ('pending-1770376528441-3mny9u23p', '107238250', 'Viprin UFO', 1, '{"player":"soth","date":"2026-02-06","fps":"240","cbf":true,"attempts":48462,"videoUrl":"https://www.youtube.com/watch?v=ahiCUreBkyU"}', '{"levelId":"107238250","name":"Viprin UFO","hkgdRank":82,"aredlRank":82,"pemonlistRank":null,"creator":"Unknown","verifier":"Unknown","description":"Retro 1.9 styled extreme that only uses the UFO gamemode. Gameplay is much harder than it looks due to the unpredictable click-patterns and sketchy routes. Includes an upbeat Waterflame song and references to Pacman and Flappy Bird levels.","songName":"undefined by undefined","thumbnail":"https://levelthumbs.prevter.me/thumbnail/107238250","tags":["2.2","Long","Timings","Chokepoints","Memory","UFO"]}', '26/02/06', 'soth', 'rejected');
INSERT INTO pending_submissions (id, level_id, level_name, is_new_level, record_data, level_data, submitted_at, submitted_by, status) VALUES ('pending-1770376581538-gokydkoxg', '99495619', 'Destruction 19', 1, '{"player":"WhiteEmerald","date":"2026-02-02","fps":"240","cbf":false,"attempts":36491,"videoUrl":"https://www.youtube.com/watch?v=Gesgx2vH1bc"}', '{"levelId":"99495619","name":"Destruction 19","hkgdRank":108,"aredlRank":108,"pemonlistRank":null,"creator":"Unknown","verifier":"Unknown","description":null,"songName":"undefined by undefined","thumbnail":"https://levelthumbs.prevter.me/thumbnail/99495619","tags":["2.2","Long","Fast-Paced","Timings","Learny","High CPS","Flow"]}', '26/02/06', 'WhiteEmerald', 'rejected');
INSERT INTO pending_submissions (id, level_id, level_name, is_new_level, record_data, level_data, submitted_at, submitted_by, status) VALUES ('pending-1772950659685-n1gv1lm04', '126242564', 'Flamewall', 1, '{"player":"ibeatflamewalllol","date":"26/03/08","cbf":false,"videoUrl":"www"}', '{"levelId":"126242564","name":"Flamewall","hkgdRank":2,"aredlRank":2,"pemonlistRank":null,"creator":"Narwall","verifier":"[400] CuatrocientosYT","description":"Over seven minutes of extremely fast and challenging gameplay, using a similarly very fast and dramatic symphonic metal song, and featuring very few break sections for its length. Features a gargantuan roster of creators and took multiple years to come out, in part thanks to the verifier dying at 99% twice.","songName":"Flamewall by Camellia","songId":"10007151","thumbnail":"https://levelthumbs.prevter.me/thumbnail/126242564","tags":["XXL+","2.2","Nerve Control","Fast-Paced","Overall"]}', '26/03/08', 'ibeatflamewalllol', 'rejected');
INSERT INTO pending_submissions (id, level_id, level_name, is_new_level, record_data, level_data, submitted_at, submitted_by, status) VALUES ('pending-1772954104460-88ih568fz', '87425029', 'niwa', 1, '{"player":"Yorklui","date":"26/01/28","fps":"720","cbf":false,"attempts":1489,"videoUrl":"https://www.youtube.com/watch?v=legoQSMh-Rk"}', '{"levelId":"87425029","name":"niwa","hkgdRank":1326,"aredlRank":1326,"pemonlistRank":null,"creator":"Unknown","verifier":"Unknown","description":"Very well known easy reta style extreme with the typical fast paced flow gameplay, purple glow decoration, and Yoasobi song. One of the most popular beginner extremes.","thumbnail":"https://levelthumbs.prevter.me/thumbnail/87425029","tags":["2.1","Long","NONG","Clicksync","Fast-Paced","Learny","Flow"]}', '26/03/08', 'Yorklui', 'rejected');
INSERT INTO pending_submissions (id, level_id, level_name, is_new_level, record_data, level_data, submitted_at, submitted_by, status) VALUES ('pending-1772955291026-0c0ic2e5b', '126242564', 'Flamewall', 1, '{"player":"ibeatflamewalllol","date":"26/03/08","cbf":false,"videoUrl":"w"}', '{"levelId":"126242564","name":"Flamewall","hkgdRank":2,"aredlRank":2,"pemonlistRank":null,"creator":"Narwall","verifier":"[400] CuatrocientosYT","description":"Over seven minutes of extremely fast and challenging gameplay, using a similarly very fast and dramatic symphonic metal song, and featuring very few break sections for its length. Features a gargantuan roster of creators and took multiple years to come out, in part thanks to the verifier dying at 99% twice.","songName":"Flamewall by Camellia","songId":"10007151","thumbnail":"https://levelthumbs.prevter.me/thumbnail/126242564","tags":["XXL+","2.2","Nerve Control","Fast-Paced","Overall"]}', '26/03/08', 'ibeatflamewalllol', 'rejected');

-- No data in website_content
